2026-05-18 23:42:06 [WARNING] - Intento de login bloqueado (usuario inactivo) para: test@example.com desde IP: 127.0.0.1
2026-05-18 23:42:06 [WARNING] - Intento de login bloqueado (usuario inactivo) para: test@example.com desde IP: 127.0.0.1
2026-05-18 23:42:16 [WARNING] - Intento de login bloqueado (usuario inactivo) para: test@example.com desde IP: 127.0.0.1
2026-05-18 23:42:16 [WARNING] - Intento de login bloqueado (usuario inactivo) para: test@example.com desde IP: 127.0.0.1
2026-05-18 23:45:53 [WARNING] - Intento de login bloqueado (usuario inactivo) para: test@example.com desde IP: 127.0.0.1
2026-05-18 23:45:53 [WARNING] - Intento de login bloqueado (usuario inactivo) para: test@example.com desde IP: 127.0.0.1
2026-05-18 23:47:37 [INFO] - [31m[1mWARNING: This is a development server. Do not use it in a production deployment. Use a production WSGI server instead.[0m
 * Running on http://127.0.0.1:5000
2026-05-18 23:47:37 [INFO] - [33mPress CTRL+C to quit[0m
2026-05-18 23:48:17 [WARNING] - Intento de login bloqueado (usuario inactivo) para: test@example.com desde IP: 127.0.0.1
2026-05-18 23:48:17 [WARNING] - Intento de login bloqueado (usuario inactivo) para: test@example.com desde IP: 127.0.0.1
2026-05-18 23:48:18 [INFO] - Login exitoso para el usuario: test@example.com (ID: 1) desde IP: 127.0.0.1
2026-05-18 23:48:18 [INFO] - Login exitoso para el usuario: test@example.com (ID: 1) desde IP: 127.0.0.1
2026-05-18 23:48:18 [INFO] - Login exitoso para el usuario: test@example.com (ID: 1) desde IP: 127.0.0.1
2026-05-18 23:49:43 [WARNING] - Intento de login bloqueado (usuario inactivo) para: test@example.com desde IP: 127.0.0.1
2026-05-18 23:49:43 [WARNING] - Intento de login bloqueado (usuario inactivo) para: test@example.com desde IP: 127.0.0.1
2026-05-18 23:49:43 [INFO] - Login exitoso para el usuario: test@example.com (ID: 1) desde IP: 127.0.0.1
2026-05-18 23:49:43 [INFO] - Login exitoso para el usuario: test@example.com (ID: 1) desde IP: 127.0.0.1
2026-05-18 23:49:43 [INFO] - Login exitoso para el usuario: test@example.com (ID: 1) desde IP: 127.0.0.1
2026-05-18 23:49:58 [WARNING] - Intento de login bloqueado (usuario inactivo) para: test@example.com desde IP: 127.0.0.1
2026-05-18 23:49:58 [WARNING] - Intento de login bloqueado (usuario inactivo) para: test@example.com desde IP: 127.0.0.1
2026-05-18 23:49:58 [INFO] - Login exitoso para el usuario: test@example.com (ID: 1) desde IP: 127.0.0.1
2026-05-18 23:49:58 [INFO] - Login exitoso para el usuario: test@example.com (ID: 1) desde IP: 127.0.0.1
2026-05-18 23:49:58 [INFO] - Login exitoso para el usuario: test@example.com (ID: 1) desde IP: 127.0.0.1
2026-05-18 23:50:46 [WARNING] - Intento de login bloqueado (usuario inactivo) para: test@example.com desde IP: 127.0.0.1
2026-05-18 23:50:46 [WARNING] - Intento de login bloqueado (usuario inactivo) para: test@example.com desde IP: 127.0.0.1
2026-05-18 23:50:47 [INFO] - Login exitoso para el usuario: test@example.com (ID: 1) desde IP: 127.0.0.1
2026-05-18 23:50:47 [INFO] - Login exitoso para el usuario: test@example.com (ID: 1) desde IP: 127.0.0.1
2026-05-18 23:50:47 [INFO] - Login exitoso para el usuario: test@example.com (ID: 1) desde IP: 127.0.0.1
2026-05-18 23:51:05 [WARNING] - Intento de login bloqueado (usuario inactivo) para: test@example.com desde IP: 127.0.0.1
2026-05-18 23:51:05 [WARNING] - Intento de login bloqueado (usuario inactivo) para: test@example.com desde IP: 127.0.0.1
2026-05-18 23:51:05 [INFO] - Login exitoso para el usuario: test@example.com (ID: 1) desde IP: 127.0.0.1
2026-05-18 23:51:05 [INFO] - Login exitoso para el usuario: test@example.com (ID: 1) desde IP: 127.0.0.1
2026-05-18 23:51:05 [INFO] - Login exitoso para el usuario: test@example.com (ID: 1) desde IP: 127.0.0.1
2026-05-18 23:51:24 [WARNING] - Intento de login bloqueado (usuario inactivo) para: test@example.com desde IP: 127.0.0.1
2026-05-18 23:51:24 [WARNING] - Intento de login bloqueado (usuario inactivo) para: test@example.com desde IP: 127.0.0.1
2026-05-18 23:51:24 [INFO] - Login exitoso para el usuario: test@example.com (ID: 1) desde IP: 127.0.0.1
2026-05-18 23:51:24 [INFO] - Login exitoso para el usuario: test@example.com (ID: 1) desde IP: 127.0.0.1
2026-05-18 23:51:24 [INFO] - Login exitoso para el usuario: test@example.com (ID: 1) desde IP: 127.0.0.1
2026-05-18 23:52:07 [WARNING] - Intento de login bloqueado (usuario inactivo) para: test@example.com desde IP: 127.0.0.1
2026-05-18 23:52:07 [WARNING] - Intento de login bloqueado (usuario inactivo) para: test@example.com desde IP: 127.0.0.1
2026-05-18 23:52:07 [INFO] - Login exitoso para el usuario: test@example.com (ID: 1) desde IP: 127.0.0.1
2026-05-18 23:52:07 [INFO] - Login exitoso para el usuario: test@example.com (ID: 1) desde IP: 127.0.0.1
2026-05-18 23:52:07 [INFO] - Login exitoso para el usuario: test@example.com (ID: 1) desde IP: 127.0.0.1
2026-05-18 23:52:36 [WARNING] - Intento de login bloqueado (usuario inactivo) para: test@example.com desde IP: 127.0.0.1
2026-05-18 23:52:36 [WARNING] - Intento de login bloqueado (usuario inactivo) para: test@example.com desde IP: 127.0.0.1
2026-05-18 23:52:36 [INFO] - Login exitoso para el usuario: test@example.com (ID: 1) desde IP: 127.0.0.1
2026-05-18 23:52:36 [INFO] - Login exitoso para el usuario: test@example.com (ID: 1) desde IP: 127.0.0.1
2026-05-18 23:52:36 [INFO] - Login exitoso para el usuario: test@example.com (ID: 1) desde IP: 127.0.0.1
2026-05-18 23:53:13 [WARNING] - Intento de login bloqueado (usuario inactivo) para: test@example.com desde IP: 127.0.0.1
2026-05-18 23:53:13 [WARNING] - Intento de login bloqueado (usuario inactivo) para: test@example.com desde IP: 127.0.0.1
2026-05-18 23:53:13 [INFO] - Login exitoso para el usuario: test@example.com (ID: 1) desde IP: 127.0.0.1
2026-05-18 23:53:13 [INFO] - Login exitoso para el usuario: test@example.com (ID: 1) desde IP: 127.0.0.1
2026-05-18 23:53:13 [INFO] - Login exitoso para el usuario: test@example.com (ID: 1) desde IP: 127.0.0.1
2026-05-19 21:12:04 [WARNING] - Intento de login bloqueado (usuario inactivo) para: test@example.com desde IP: 127.0.0.1
2026-05-19 21:12:04 [WARNING] - Intento de login bloqueado (usuario inactivo) para: test@example.com desde IP: 127.0.0.1
2026-05-19 21:12:04 [INFO] - Login exitoso para el usuario: test@example.com (ID: 1) desde IP: 127.0.0.1
2026-05-19 21:12:04 [INFO] - Login exitoso para el usuario: test@example.com (ID: 1) desde IP: 127.0.0.1
2026-05-19 21:12:04 [INFO] - Login exitoso para el usuario: test@example.com (ID: 1) desde IP: 127.0.0.1
2026-05-19 21:39:18 [INFO] - [31m[1mWARNING: This is a development server. Do not use it in a production deployment. Use a production WSGI server instead.[0m
 * Running on http://127.0.0.1:5000
2026-05-19 21:39:18 [INFO] - [33mPress CTRL+C to quit[0m
2026-05-19 21:39:19 [INFO] - 127.0.0.1 - - [19/May/2026 21:39:19] "[32mGET /admin/auditorias/2/resultados HTTP/1.1[0m" 302 -
2026-05-19 21:39:19 [INFO] - 127.0.0.1 - - [19/May/2026 21:39:19] "GET /auth/login?next=/admin/auditorias/2/resultados HTTP/1.1" 200 -
2026-05-19 21:39:19 [INFO] - 127.0.0.1 - - [19/May/2026 21:39:19] "[33mGET /favicon.ico HTTP/1.1[0m" 404 -
2026-05-19 21:39:27 [ERROR] - Exception on /auth/login [POST]
Traceback (most recent call last):
  File "D:\TFG\src\.venv\Lib\site-packages\sqlalchemy\engine\base.py", line 1967, in _exec_single_context
    self.dialect.do_execute(
  File "D:\TFG\src\.venv\Lib\site-packages\sqlalchemy\engine\default.py", line 952, in do_execute
    cursor.execute(statement, parameters)
  File "D:\TFG\src\.venv\Lib\site-packages\pymysql\cursors.py", line 153, in execute
    result = self._query(query)
             ^^^^^^^^^^^^^^^^^^
  File "D:\TFG\src\.venv\Lib\site-packages\pymysql\cursors.py", line 322, in _query
    conn.query(q)
  File "D:\TFG\src\.venv\Lib\site-packages\pymysql\connections.py", line 563, in query
    self._affected_rows = self._read_query_result(unbuffered=unbuffered)
                          ^^^^^^^^^^^^^^^^^^^^^^^^^^^^^^^^^^^^^^^^^^^^^^
  File "D:\TFG\src\.venv\Lib\site-packages\pymysql\connections.py", line 825, in _read_query_result
    result.read()
  File "D:\TFG\src\.venv\Lib\site-packages\pymysql\connections.py", line 1199, in read
    first_packet = self.connection._read_packet()
                   ^^^^^^^^^^^^^^^^^^^^^^^^^^^^^^
  File "D:\TFG\src\.venv\Lib\site-packages\pymysql\connections.py", line 775, in _read_packet
    packet.raise_for_error()
  File "D:\TFG\src\.venv\Lib\site-packages\pymysql\protocol.py", line 219, in raise_for_error
    err.raise_mysql_exception(self._data)
  File "D:\TFG\src\.venv\Lib\site-packages\pymysql\err.py", line 150, in raise_mysql_exception
    raise errorclass(errno, errval)
pymysql.err.OperationalError: (1054, "Unknown column 'usuario.must_change_password' in 'field list'")

The above exception was the direct cause of the following exception:

Traceback (most recent call last):
  File "D:\TFG\src\.venv\Lib\site-packages\flask\app.py", line 1473, in wsgi_app
    response = self.full_dispatch_request()
               ^^^^^^^^^^^^^^^^^^^^^^^^^^^^
  File "D:\TFG\src\.venv\Lib\site-packages\flask\app.py", line 882, in full_dispatch_request
    rv = self.handle_user_exception(e)
         ^^^^^^^^^^^^^^^^^^^^^^^^^^^^^
  File "D:\TFG\src\.venv\Lib\site-packages\flask\app.py", line 880, in full_dispatch_request
    rv = self.dispatch_request()
         ^^^^^^^^^^^^^^^^^^^^^^^
  File "D:\TFG\src\.venv\Lib\site-packages\flask\app.py", line 865, in dispatch_request
    return self.ensure_sync(self.view_functions[rule.endpoint])(**view_args)  # type: ignore[no-any-return]
           ^^^^^^^^^^^^^^^^^^^^^^^^^^^^^^^^^^^^^^^^^^^^^^^^^^^^^^^^^^^^^^^^^
  File "D:\TFG\src\.venv\Lib\site-packages\flask_limiter\extension.py", line 1303, in __inner
    return cast(R, flask.current_app.ensure_sync(obj)(*a, **k))
                   ^^^^^^^^^^^^^^^^^^^^^^^^^^^^^^^^^^^^^^^^^^^
  File "D:\TFG\src\audit_salarial_app\auth\routes.py", line 18, in login
    user = Usuario.query.filter_by(email=email).first()
           ^^^^^^^^^^^^^^^^^^^^^^^^^^^^^^^^^^^^^^^^^^^^
  File "D:\TFG\src\.venv\Lib\site-packages\sqlalchemy\orm\query.py", line 2766, in first
    return self.limit(1)._iter().first()  # type: ignore
           ^^^^^^^^^^^^^^^^^^^^^
  File "D:\TFG\src\.venv\Lib\site-packages\sqlalchemy\orm\query.py", line 2864, in _iter
    result: Union[ScalarResult[_T], Result[_T]] = self.session.execute(
                                                  ^^^^^^^^^^^^^^^^^^^^^
  File "D:\TFG\src\.venv\Lib\site-packages\sqlalchemy\orm\session.py", line 2351, in execute
    return self._execute_internal(
           ^^^^^^^^^^^^^^^^^^^^^^^
  File "D:\TFG\src\.venv\Lib\site-packages\sqlalchemy\orm\session.py", line 2249, in _execute_internal
    result: Result[Any] = compile_state_cls.orm_execute_statement(
                          ^^^^^^^^^^^^^^^^^^^^^^^^^^^^^^^^^^^^^^^^
  File "D:\TFG\src\.venv\Lib\site-packages\sqlalchemy\orm\context.py", line 306, in orm_execute_statement
    result = conn.execute(
             ^^^^^^^^^^^^^
  File "D:\TFG\src\.venv\Lib\site-packages\sqlalchemy\engine\base.py", line 1419, in execute
    return meth(
           ^^^^^
  File "D:\TFG\src\.venv\Lib\site-packages\sqlalchemy\sql\elements.py", line 527, in _execute_on_connection
    return connection._execute_clauseelement(
           ^^^^^^^^^^^^^^^^^^^^^^^^^^^^^^^^^^
  File "D:\TFG\src\.venv\Lib\site-packages\sqlalchemy\engine\base.py", line 1641, in _execute_clauseelement
    ret = self._execute_context(
          ^^^^^^^^^^^^^^^^^^^^^^
  File "D:\TFG\src\.venv\Lib\site-packages\sqlalchemy\engine\base.py", line 1846, in _execute_context
    return self._exec_single_context(
           ^^^^^^^^^^^^^^^^^^^^^^^^^^
  File "D:\TFG\src\.venv\Lib\site-packages\sqlalchemy\engine\base.py", line 1986, in _exec_single_context
    self._handle_dbapi_exception(
  File "D:\TFG\src\.venv\Lib\site-packages\sqlalchemy\engine\base.py", line 2363, in _handle_dbapi_exception
    raise sqlalchemy_exception.with_traceback(exc_info[2]) from e
  File "D:\TFG\src\.venv\Lib\site-packages\sqlalchemy\engine\base.py", line 1967, in _exec_single_context
    self.dialect.do_execute(
  File "D:\TFG\src\.venv\Lib\site-packages\sqlalchemy\engine\default.py", line 952, in do_execute
    cursor.execute(statement, parameters)
  File "D:\TFG\src\.venv\Lib\site-packages\pymysql\cursors.py", line 153, in execute
    result = self._query(query)
             ^^^^^^^^^^^^^^^^^^
  File "D:\TFG\src\.venv\Lib\site-packages\pymysql\cursors.py", line 322, in _query
    conn.query(q)
  File "D:\TFG\src\.venv\Lib\site-packages\pymysql\connections.py", line 563, in query
    self._affected_rows = self._read_query_result(unbuffered=unbuffered)
                          ^^^^^^^^^^^^^^^^^^^^^^^^^^^^^^^^^^^^^^^^^^^^^^
  File "D:\TFG\src\.venv\Lib\site-packages\pymysql\connections.py", line 825, in _read_query_result
    result.read()
  File "D:\TFG\src\.venv\Lib\site-packages\pymysql\connections.py", line 1199, in read
    first_packet = self.connection._read_packet()
                   ^^^^^^^^^^^^^^^^^^^^^^^^^^^^^^
  File "D:\TFG\src\.venv\Lib\site-packages\pymysql\connections.py", line 775, in _read_packet
    packet.raise_for_error()
  File "D:\TFG\src\.venv\Lib\site-packages\pymysql\protocol.py", line 219, in raise_for_error
    err.raise_mysql_exception(self._data)
  File "D:\TFG\src\.venv\Lib\site-packages\pymysql\err.py", line 150, in raise_mysql_exception
    raise errorclass(errno, errval)
sqlalchemy.exc.OperationalError: (pymysql.err.OperationalError) (1054, "Unknown column 'usuario.must_change_password' in 'field list'")
[SQL: SELECT usuario.id AS usuario_id, usuario.rol_id AS usuario_rol_id, usuario.empresa_id AS usuario_empresa_id, usuario.email AS usuario_email, usuario.password_hash AS usuario_password_hash, usuario.nombre AS usuario_nombre, usuario.apellidos AS usuario_apellidos, usuario.ultimo_login AS usuario_ultimo_login, usuario.activo AS usuario_activo, usuario.must_change_password AS usuario_must_change_password, usuario.creado_en AS usuario_creado_en 
FROM usuario 
WHERE usuario.email = %(email_1)s 
 LIMIT %(param_1)s]
[parameters: {'email_1': 'admin@admin.com', 'param_1': 1}]
(Background on this error at: https://sqlalche.me/e/20/e3q8)
2026-05-19 21:39:28 [INFO] - 127.0.0.1 - - [19/May/2026 21:39:28] "[35m[1mPOST /auth/login?next=/admin/auditorias/2/resultados HTTP/1.1[0m" 500 -
2026-05-19 21:39:30 [ERROR] - Exception on /auth/login [POST]
Traceback (most recent call last):
  File "D:\TFG\src\.venv\Lib\site-packages\sqlalchemy\engine\base.py", line 1967, in _exec_single_context
    self.dialect.do_execute(
  File "D:\TFG\src\.venv\Lib\site-packages\sqlalchemy\engine\default.py", line 952, in do_execute
    cursor.execute(statement, parameters)
  File "D:\TFG\src\.venv\Lib\site-packages\pymysql\cursors.py", line 153, in execute
    result = self._query(query)
             ^^^^^^^^^^^^^^^^^^
  File "D:\TFG\src\.venv\Lib\site-packages\pymysql\cursors.py", line 322, in _query
    conn.query(q)
  File "D:\TFG\src\.venv\Lib\site-packages\pymysql\connections.py", line 563, in query
    self._affected_rows = self._read_query_result(unbuffered=unbuffered)
                          ^^^^^^^^^^^^^^^^^^^^^^^^^^^^^^^^^^^^^^^^^^^^^^
  File "D:\TFG\src\.venv\Lib\site-packages\pymysql\connections.py", line 825, in _read_query_result
    result.read()
  File "D:\TFG\src\.venv\Lib\site-packages\pymysql\connections.py", line 1199, in read
    first_packet = self.connection._read_packet()
                   ^^^^^^^^^^^^^^^^^^^^^^^^^^^^^^
  File "D:\TFG\src\.venv\Lib\site-packages\pymysql\connections.py", line 775, in _read_packet
    packet.raise_for_error()
  File "D:\TFG\src\.venv\Lib\site-packages\pymysql\protocol.py", line 219, in raise_for_error
    err.raise_mysql_exception(self._data)
  File "D:\TFG\src\.venv\Lib\site-packages\pymysql\err.py", line 150, in raise_mysql_exception
    raise errorclass(errno, errval)
pymysql.err.OperationalError: (1054, "Unknown column 'usuario.must_change_password' in 'field list'")

The above exception was the direct cause of the following exception:

Traceback (most recent call last):
  File "D:\TFG\src\.venv\Lib\site-packages\flask\app.py", line 1473, in wsgi_app
    response = self.full_dispatch_request()
               ^^^^^^^^^^^^^^^^^^^^^^^^^^^^
  File "D:\TFG\src\.venv\Lib\site-packages\flask\app.py", line 882, in full_dispatch_request
    rv = self.handle_user_exception(e)
         ^^^^^^^^^^^^^^^^^^^^^^^^^^^^^
  File "D:\TFG\src\.venv\Lib\site-packages\flask\app.py", line 880, in full_dispatch_request
    rv = self.dispatch_request()
         ^^^^^^^^^^^^^^^^^^^^^^^
  File "D:\TFG\src\.venv\Lib\site-packages\flask\app.py", line 865, in dispatch_request
    return self.ensure_sync(self.view_functions[rule.endpoint])(**view_args)  # type: ignore[no-any-return]
           ^^^^^^^^^^^^^^^^^^^^^^^^^^^^^^^^^^^^^^^^^^^^^^^^^^^^^^^^^^^^^^^^^
  File "D:\TFG\src\.venv\Lib\site-packages\flask_limiter\extension.py", line 1303, in __inner
    return cast(R, flask.current_app.ensure_sync(obj)(*a, **k))
                   ^^^^^^^^^^^^^^^^^^^^^^^^^^^^^^^^^^^^^^^^^^^
  File "D:\TFG\src\audit_salarial_app\auth\routes.py", line 18, in login
    user = Usuario.query.filter_by(email=email).first()
           ^^^^^^^^^^^^^^^^^^^^^^^^^^^^^^^^^^^^^^^^^^^^
  File "D:\TFG\src\.venv\Lib\site-packages\sqlalchemy\orm\query.py", line 2766, in first
    return self.limit(1)._iter().first()  # type: ignore
           ^^^^^^^^^^^^^^^^^^^^^
  File "D:\TFG\src\.venv\Lib\site-packages\sqlalchemy\orm\query.py", line 2864, in _iter
    result: Union[ScalarResult[_T], Result[_T]] = self.session.execute(
                                                  ^^^^^^^^^^^^^^^^^^^^^
  File "D:\TFG\src\.venv\Lib\site-packages\sqlalchemy\orm\session.py", line 2351, in execute
    return self._execute_internal(
           ^^^^^^^^^^^^^^^^^^^^^^^
  File "D:\TFG\src\.venv\Lib\site-packages\sqlalchemy\orm\session.py", line 2249, in _execute_internal
    result: Result[Any] = compile_state_cls.orm_execute_statement(
                          ^^^^^^^^^^^^^^^^^^^^^^^^^^^^^^^^^^^^^^^^
  File "D:\TFG\src\.venv\Lib\site-packages\sqlalchemy\orm\context.py", line 306, in orm_execute_statement
    result = conn.execute(
             ^^^^^^^^^^^^^
  File "D:\TFG\src\.venv\Lib\site-packages\sqlalchemy\engine\base.py", line 1419, in execute
    return meth(
           ^^^^^
  File "D:\TFG\src\.venv\Lib\site-packages\sqlalchemy\sql\elements.py", line 527, in _execute_on_connection
    return connection._execute_clauseelement(
           ^^^^^^^^^^^^^^^^^^^^^^^^^^^^^^^^^^
  File "D:\TFG\src\.venv\Lib\site-packages\sqlalchemy\engine\base.py", line 1641, in _execute_clauseelement
    ret = self._execute_context(
          ^^^^^^^^^^^^^^^^^^^^^^
  File "D:\TFG\src\.venv\Lib\site-packages\sqlalchemy\engine\base.py", line 1846, in _execute_context
    return self._exec_single_context(
           ^^^^^^^^^^^^^^^^^^^^^^^^^^
  File "D:\TFG\src\.venv\Lib\site-packages\sqlalchemy\engine\base.py", line 1986, in _exec_single_context
    self._handle_dbapi_exception(
  File "D:\TFG\src\.venv\Lib\site-packages\sqlalchemy\engine\base.py", line 2363, in _handle_dbapi_exception
    raise sqlalchemy_exception.with_traceback(exc_info[2]) from e
  File "D:\TFG\src\.venv\Lib\site-packages\sqlalchemy\engine\base.py", line 1967, in _exec_single_context
    self.dialect.do_execute(
  File "D:\TFG\src\.venv\Lib\site-packages\sqlalchemy\engine\default.py", line 952, in do_execute
    cursor.execute(statement, parameters)
  File "D:\TFG\src\.venv\Lib\site-packages\pymysql\cursors.py", line 153, in execute
    result = self._query(query)
             ^^^^^^^^^^^^^^^^^^
  File "D:\TFG\src\.venv\Lib\site-packages\pymysql\cursors.py", line 322, in _query
    conn.query(q)
  File "D:\TFG\src\.venv\Lib\site-packages\pymysql\connections.py", line 563, in query
    self._affected_rows = self._read_query_result(unbuffered=unbuffered)
                          ^^^^^^^^^^^^^^^^^^^^^^^^^^^^^^^^^^^^^^^^^^^^^^
  File "D:\TFG\src\.venv\Lib\site-packages\pymysql\connections.py", line 825, in _read_query_result
    result.read()
  File "D:\TFG\src\.venv\Lib\site-packages\pymysql\connections.py", line 1199, in read
    first_packet = self.connection._read_packet()
                   ^^^^^^^^^^^^^^^^^^^^^^^^^^^^^^
  File "D:\TFG\src\.venv\Lib\site-packages\pymysql\connections.py", line 775, in _read_packet
    packet.raise_for_error()
  File "D:\TFG\src\.venv\Lib\site-packages\pymysql\protocol.py", line 219, in raise_for_error
    err.raise_mysql_exception(self._data)
  File "D:\TFG\src\.venv\Lib\site-packages\pymysql\err.py", line 150, in raise_mysql_exception
    raise errorclass(errno, errval)
sqlalchemy.exc.OperationalError: (pymysql.err.OperationalError) (1054, "Unknown column 'usuario.must_change_password' in 'field list'")
[SQL: SELECT usuario.id AS usuario_id, usuario.rol_id AS usuario_rol_id, usuario.empresa_id AS usuario_empresa_id, usuario.email AS usuario_email, usuario.password_hash AS usuario_password_hash, usuario.nombre AS usuario_nombre, usuario.apellidos AS usuario_apellidos, usuario.ultimo_login AS usuario_ultimo_login, usuario.activo AS usuario_activo, usuario.must_change_password AS usuario_must_change_password, usuario.creado_en AS usuario_creado_en 
FROM usuario 
WHERE usuario.email = %(email_1)s 
 LIMIT %(param_1)s]
[parameters: {'email_1': 'admin@admin.com', 'param_1': 1}]
(Background on this error at: https://sqlalche.me/e/20/e3q8)
2026-05-19 21:39:30 [INFO] - 127.0.0.1 - - [19/May/2026 21:39:30] "[35m[1mPOST /auth/login?next=/admin/auditorias/2/resultados HTTP/1.1[0m" 500 -
2026-05-19 21:39:39 [ERROR] - Exception on /auth/login [POST]
Traceback (most recent call last):
  File "D:\TFG\src\.venv\Lib\site-packages\sqlalchemy\engine\base.py", line 1967, in _exec_single_context
    self.dialect.do_execute(
  File "D:\TFG\src\.venv\Lib\site-packages\sqlalchemy\engine\default.py", line 952, in do_execute
    cursor.execute(statement, parameters)
  File "D:\TFG\src\.venv\Lib\site-packages\pymysql\cursors.py", line 153, in execute
    result = self._query(query)
             ^^^^^^^^^^^^^^^^^^
  File "D:\TFG\src\.venv\Lib\site-packages\pymysql\cursors.py", line 322, in _query
    conn.query(q)
  File "D:\TFG\src\.venv\Lib\site-packages\pymysql\connections.py", line 563, in query
    self._affected_rows = self._read_query_result(unbuffered=unbuffered)
                          ^^^^^^^^^^^^^^^^^^^^^^^^^^^^^^^^^^^^^^^^^^^^^^
  File "D:\TFG\src\.venv\Lib\site-packages\pymysql\connections.py", line 825, in _read_query_result
    result.read()
  File "D:\TFG\src\.venv\Lib\site-packages\pymysql\connections.py", line 1199, in read
    first_packet = self.connection._read_packet()
                   ^^^^^^^^^^^^^^^^^^^^^^^^^^^^^^
  File "D:\TFG\src\.venv\Lib\site-packages\pymysql\connections.py", line 775, in _read_packet
    packet.raise_for_error()
  File "D:\TFG\src\.venv\Lib\site-packages\pymysql\protocol.py", line 219, in raise_for_error
    err.raise_mysql_exception(self._data)
  File "D:\TFG\src\.venv\Lib\site-packages\pymysql\err.py", line 150, in raise_mysql_exception
    raise errorclass(errno, errval)
pymysql.err.OperationalError: (1054, "Unknown column 'usuario.must_change_password' in 'field list'")

The above exception was the direct cause of the following exception:

Traceback (most recent call last):
  File "D:\TFG\src\.venv\Lib\site-packages\flask\app.py", line 1473, in wsgi_app
    response = self.full_dispatch_request()
               ^^^^^^^^^^^^^^^^^^^^^^^^^^^^
  File "D:\TFG\src\.venv\Lib\site-packages\flask\app.py", line 882, in full_dispatch_request
    rv = self.handle_user_exception(e)
         ^^^^^^^^^^^^^^^^^^^^^^^^^^^^^
  File "D:\TFG\src\.venv\Lib\site-packages\flask\app.py", line 880, in full_dispatch_request
    rv = self.dispatch_request()
         ^^^^^^^^^^^^^^^^^^^^^^^
  File "D:\TFG\src\.venv\Lib\site-packages\flask\app.py", line 865, in dispatch_request
    return self.ensure_sync(self.view_functions[rule.endpoint])(**view_args)  # type: ignore[no-any-return]
           ^^^^^^^^^^^^^^^^^^^^^^^^^^^^^^^^^^^^^^^^^^^^^^^^^^^^^^^^^^^^^^^^^
  File "D:\TFG\src\.venv\Lib\site-packages\flask_limiter\extension.py", line 1303, in __inner
    return cast(R, flask.current_app.ensure_sync(obj)(*a, **k))
                   ^^^^^^^^^^^^^^^^^^^^^^^^^^^^^^^^^^^^^^^^^^^
  File "D:\TFG\src\audit_salarial_app\auth\routes.py", line 18, in login
    user = Usuario.query.filter_by(email=email).first()
           ^^^^^^^^^^^^^^^^^^^^^^^^^^^^^^^^^^^^^^^^^^^^
  File "D:\TFG\src\.venv\Lib\site-packages\sqlalchemy\orm\query.py", line 2766, in first
    return self.limit(1)._iter().first()  # type: ignore
           ^^^^^^^^^^^^^^^^^^^^^
  File "D:\TFG\src\.venv\Lib\site-packages\sqlalchemy\orm\query.py", line 2864, in _iter
    result: Union[ScalarResult[_T], Result[_T]] = self.session.execute(
                                                  ^^^^^^^^^^^^^^^^^^^^^
  File "D:\TFG\src\.venv\Lib\site-packages\sqlalchemy\orm\session.py", line 2351, in execute
    return self._execute_internal(
           ^^^^^^^^^^^^^^^^^^^^^^^
  File "D:\TFG\src\.venv\Lib\site-packages\sqlalchemy\orm\session.py", line 2249, in _execute_internal
    result: Result[Any] = compile_state_cls.orm_execute_statement(
                          ^^^^^^^^^^^^^^^^^^^^^^^^^^^^^^^^^^^^^^^^
  File "D:\TFG\src\.venv\Lib\site-packages\sqlalchemy\orm\context.py", line 306, in orm_execute_statement
    result = conn.execute(
             ^^^^^^^^^^^^^
  File "D:\TFG\src\.venv\Lib\site-packages\sqlalchemy\engine\base.py", line 1419, in execute
    return meth(
           ^^^^^
  File "D:\TFG\src\.venv\Lib\site-packages\sqlalchemy\sql\elements.py", line 527, in _execute_on_connection
    return connection._execute_clauseelement(
           ^^^^^^^^^^^^^^^^^^^^^^^^^^^^^^^^^^
  File "D:\TFG\src\.venv\Lib\site-packages\sqlalchemy\engine\base.py", line 1641, in _execute_clauseelement
    ret = self._execute_context(
          ^^^^^^^^^^^^^^^^^^^^^^
  File "D:\TFG\src\.venv\Lib\site-packages\sqlalchemy\engine\base.py", line 1846, in _execute_context
    return self._exec_single_context(
           ^^^^^^^^^^^^^^^^^^^^^^^^^^
  File "D:\TFG\src\.venv\Lib\site-packages\sqlalchemy\engine\base.py", line 1986, in _exec_single_context
    self._handle_dbapi_exception(
  File "D:\TFG\src\.venv\Lib\site-packages\sqlalchemy\engine\base.py", line 2363, in _handle_dbapi_exception
    raise sqlalchemy_exception.with_traceback(exc_info[2]) from e
  File "D:\TFG\src\.venv\Lib\site-packages\sqlalchemy\engine\base.py", line 1967, in _exec_single_context
    self.dialect.do_execute(
  File "D:\TFG\src\.venv\Lib\site-packages\sqlalchemy\engine\default.py", line 952, in do_execute
    cursor.execute(statement, parameters)
  File "D:\TFG\src\.venv\Lib\site-packages\pymysql\cursors.py", line 153, in execute
    result = self._query(query)
             ^^^^^^^^^^^^^^^^^^
  File "D:\TFG\src\.venv\Lib\site-packages\pymysql\cursors.py", line 322, in _query
    conn.query(q)
  File "D:\TFG\src\.venv\Lib\site-packages\pymysql\connections.py", line 563, in query
    self._affected_rows = self._read_query_result(unbuffered=unbuffered)
                          ^^^^^^^^^^^^^^^^^^^^^^^^^^^^^^^^^^^^^^^^^^^^^^
  File "D:\TFG\src\.venv\Lib\site-packages\pymysql\connections.py", line 825, in _read_query_result
    result.read()
  File "D:\TFG\src\.venv\Lib\site-packages\pymysql\connections.py", line 1199, in read
    first_packet = self.connection._read_packet()
                   ^^^^^^^^^^^^^^^^^^^^^^^^^^^^^^
  File "D:\TFG\src\.venv\Lib\site-packages\pymysql\connections.py", line 775, in _read_packet
    packet.raise_for_error()
  File "D:\TFG\src\.venv\Lib\site-packages\pymysql\protocol.py", line 219, in raise_for_error
    err.raise_mysql_exception(self._data)
  File "D:\TFG\src\.venv\Lib\site-packages\pymysql\err.py", line 150, in raise_mysql_exception
    raise errorclass(errno, errval)
sqlalchemy.exc.OperationalError: (pymysql.err.OperationalError) (1054, "Unknown column 'usuario.must_change_password' in 'field list'")
[SQL: SELECT usuario.id AS usuario_id, usuario.rol_id AS usuario_rol_id, usuario.empresa_id AS usuario_empresa_id, usuario.email AS usuario_email, usuario.password_hash AS usuario_password_hash, usuario.nombre AS usuario_nombre, usuario.apellidos AS usuario_apellidos, usuario.ultimo_login AS usuario_ultimo_login, usuario.activo AS usuario_activo, usuario.must_change_password AS usuario_must_change_password, usuario.creado_en AS usuario_creado_en 
FROM usuario 
WHERE usuario.email = %(email_1)s 
 LIMIT %(param_1)s]
[parameters: {'email_1': 'admin@admin.com', 'param_1': 1}]
(Background on this error at: https://sqlalche.me/e/20/e3q8)
2026-05-19 21:39:39 [INFO] - 127.0.0.1 - - [19/May/2026 21:39:39] "[35m[1mPOST /auth/login?next=/admin/auditorias/2/resultados HTTP/1.1[0m" 500 -
2026-05-19 21:39:40 [INFO] - 127.0.0.1 - - [19/May/2026 21:39:40] "GET /auth/login?next=/admin/auditorias/2/resultados HTTP/1.1" 200 -
2026-05-19 21:40:05 [INFO] - ratelimit 5 per 1 minute (127.0.0.1) exceeded at endpoint: auth.login
2026-05-19 21:40:05 [INFO] - 127.0.0.1 - - [19/May/2026 21:40:05] "[31m[1mPOST /auth/login?next=/admin/auditorias/2/resultados HTTP/1.1[0m" 429 -
2026-05-19 21:40:23 [ERROR] - Exception on /auth/login [POST]
Traceback (most recent call last):
  File "D:\TFG\src\.venv\Lib\site-packages\sqlalchemy\engine\base.py", line 1967, in _exec_single_context
    self.dialect.do_execute(
  File "D:\TFG\src\.venv\Lib\site-packages\sqlalchemy\engine\default.py", line 952, in do_execute
    cursor.execute(statement, parameters)
  File "D:\TFG\src\.venv\Lib\site-packages\pymysql\cursors.py", line 153, in execute
    result = self._query(query)
             ^^^^^^^^^^^^^^^^^^
  File "D:\TFG\src\.venv\Lib\site-packages\pymysql\cursors.py", line 322, in _query
    conn.query(q)
  File "D:\TFG\src\.venv\Lib\site-packages\pymysql\connections.py", line 563, in query
    self._affected_rows = self._read_query_result(unbuffered=unbuffered)
                          ^^^^^^^^^^^^^^^^^^^^^^^^^^^^^^^^^^^^^^^^^^^^^^
  File "D:\TFG\src\.venv\Lib\site-packages\pymysql\connections.py", line 825, in _read_query_result
    result.read()
  File "D:\TFG\src\.venv\Lib\site-packages\pymysql\connections.py", line 1199, in read
    first_packet = self.connection._read_packet()
                   ^^^^^^^^^^^^^^^^^^^^^^^^^^^^^^
  File "D:\TFG\src\.venv\Lib\site-packages\pymysql\connections.py", line 775, in _read_packet
    packet.raise_for_error()
  File "D:\TFG\src\.venv\Lib\site-packages\pymysql\protocol.py", line 219, in raise_for_error
    err.raise_mysql_exception(self._data)
  File "D:\TFG\src\.venv\Lib\site-packages\pymysql\err.py", line 150, in raise_mysql_exception
    raise errorclass(errno, errval)
pymysql.err.OperationalError: (1054, "Unknown column 'usuario.must_change_password' in 'field list'")

The above exception was the direct cause of the following exception:

Traceback (most recent call last):
  File "D:\TFG\src\.venv\Lib\site-packages\flask\app.py", line 1473, in wsgi_app
    response = self.full_dispatch_request()
               ^^^^^^^^^^^^^^^^^^^^^^^^^^^^
  File "D:\TFG\src\.venv\Lib\site-packages\flask\app.py", line 882, in full_dispatch_request
    rv = self.handle_user_exception(e)
         ^^^^^^^^^^^^^^^^^^^^^^^^^^^^^
  File "D:\TFG\src\.venv\Lib\site-packages\flask\app.py", line 880, in full_dispatch_request
    rv = self.dispatch_request()
         ^^^^^^^^^^^^^^^^^^^^^^^
  File "D:\TFG\src\.venv\Lib\site-packages\flask\app.py", line 865, in dispatch_request
    return self.ensure_sync(self.view_functions[rule.endpoint])(**view_args)  # type: ignore[no-any-return]
           ^^^^^^^^^^^^^^^^^^^^^^^^^^^^^^^^^^^^^^^^^^^^^^^^^^^^^^^^^^^^^^^^^
  File "D:\TFG\src\.venv\Lib\site-packages\flask_limiter\extension.py", line 1303, in __inner
    return cast(R, flask.current_app.ensure_sync(obj)(*a, **k))
                   ^^^^^^^^^^^^^^^^^^^^^^^^^^^^^^^^^^^^^^^^^^^
  File "D:\TFG\src\audit_salarial_app\auth\routes.py", line 18, in login
    user = Usuario.query.filter_by(email=email).first()
           ^^^^^^^^^^^^^^^^^^^^^^^^^^^^^^^^^^^^^^^^^^^^
  File "D:\TFG\src\.venv\Lib\site-packages\sqlalchemy\orm\query.py", line 2766, in first
    return self.limit(1)._iter().first()  # type: ignore
           ^^^^^^^^^^^^^^^^^^^^^
  File "D:\TFG\src\.venv\Lib\site-packages\sqlalchemy\orm\query.py", line 2864, in _iter
    result: Union[ScalarResult[_T], Result[_T]] = self.session.execute(
                                                  ^^^^^^^^^^^^^^^^^^^^^
  File "D:\TFG\src\.venv\Lib\site-packages\sqlalchemy\orm\session.py", line 2351, in execute
    return self._execute_internal(
           ^^^^^^^^^^^^^^^^^^^^^^^
  File "D:\TFG\src\.venv\Lib\site-packages\sqlalchemy\orm\session.py", line 2249, in _execute_internal
    result: Result[Any] = compile_state_cls.orm_execute_statement(
                          ^^^^^^^^^^^^^^^^^^^^^^^^^^^^^^^^^^^^^^^^
  File "D:\TFG\src\.venv\Lib\site-packages\sqlalchemy\orm\context.py", line 306, in orm_execute_statement
    result = conn.execute(
             ^^^^^^^^^^^^^
  File "D:\TFG\src\.venv\Lib\site-packages\sqlalchemy\engine\base.py", line 1419, in execute
    return meth(
           ^^^^^
  File "D:\TFG\src\.venv\Lib\site-packages\sqlalchemy\sql\elements.py", line 527, in _execute_on_connection
    return connection._execute_clauseelement(
           ^^^^^^^^^^^^^^^^^^^^^^^^^^^^^^^^^^
  File "D:\TFG\src\.venv\Lib\site-packages\sqlalchemy\engine\base.py", line 1641, in _execute_clauseelement
    ret = self._execute_context(
          ^^^^^^^^^^^^^^^^^^^^^^
  File "D:\TFG\src\.venv\Lib\site-packages\sqlalchemy\engine\base.py", line 1846, in _execute_context
    return self._exec_single_context(
           ^^^^^^^^^^^^^^^^^^^^^^^^^^
  File "D:\TFG\src\.venv\Lib\site-packages\sqlalchemy\engine\base.py", line 1986, in _exec_single_context
    self._handle_dbapi_exception(
  File "D:\TFG\src\.venv\Lib\site-packages\sqlalchemy\engine\base.py", line 2363, in _handle_dbapi_exception
    raise sqlalchemy_exception.with_traceback(exc_info[2]) from e
  File "D:\TFG\src\.venv\Lib\site-packages\sqlalchemy\engine\base.py", line 1967, in _exec_single_context
    self.dialect.do_execute(
  File "D:\TFG\src\.venv\Lib\site-packages\sqlalchemy\engine\default.py", line 952, in do_execute
    cursor.execute(statement, parameters)
  File "D:\TFG\src\.venv\Lib\site-packages\pymysql\cursors.py", line 153, in execute
    result = self._query(query)
             ^^^^^^^^^^^^^^^^^^
  File "D:\TFG\src\.venv\Lib\site-packages\pymysql\cursors.py", line 322, in _query
    conn.query(q)
  File "D:\TFG\src\.venv\Lib\site-packages\pymysql\connections.py", line 563, in query
    self._affected_rows = self._read_query_result(unbuffered=unbuffered)
                          ^^^^^^^^^^^^^^^^^^^^^^^^^^^^^^^^^^^^^^^^^^^^^^
  File "D:\TFG\src\.venv\Lib\site-packages\pymysql\connections.py", line 825, in _read_query_result
    result.read()
  File "D:\TFG\src\.venv\Lib\site-packages\pymysql\connections.py", line 1199, in read
    first_packet = self.connection._read_packet()
                   ^^^^^^^^^^^^^^^^^^^^^^^^^^^^^^
  File "D:\TFG\src\.venv\Lib\site-packages\pymysql\connections.py", line 775, in _read_packet
    packet.raise_for_error()
  File "D:\TFG\src\.venv\Lib\site-packages\pymysql\protocol.py", line 219, in raise_for_error
    err.raise_mysql_exception(self._data)
  File "D:\TFG\src\.venv\Lib\site-packages\pymysql\err.py", line 150, in raise_mysql_exception
    raise errorclass(errno, errval)
sqlalchemy.exc.OperationalError: (pymysql.err.OperationalError) (1054, "Unknown column 'usuario.must_change_password' in 'field list'")
[SQL: SELECT usuario.id AS usuario_id, usuario.rol_id AS usuario_rol_id, usuario.empresa_id AS usuario_empresa_id, usuario.email AS usuario_email, usuario.password_hash AS usuario_password_hash, usuario.nombre AS usuario_nombre, usuario.apellidos AS usuario_apellidos, usuario.ultimo_login AS usuario_ultimo_login, usuario.activo AS usuario_activo, usuario.must_change_password AS usuario_must_change_password, usuario.creado_en AS usuario_creado_en 
FROM usuario 
WHERE usuario.email = %(email_1)s 
 LIMIT %(param_1)s]
[parameters: {'email_1': 'admin@admin.com', 'param_1': 1}]
(Background on this error at: https://sqlalche.me/e/20/e3q8)
2026-05-19 21:40:23 [INFO] - 127.0.0.1 - - [19/May/2026 21:40:23] "[35m[1mPOST /auth/login?next=/admin/auditorias/2/resultados HTTP/1.1[0m" 500 -
2026-05-19 21:42:29 [INFO] - Login exitoso para el usuario: admin@admin.com (ID: 2) desde IP: 127.0.0.1
2026-05-19 21:42:29 [INFO] - 127.0.0.1 - - [19/May/2026 21:42:29] "[32mPOST /auth/login?next=/admin/auditorias/2/resultados HTTP/1.1[0m" 302 -
2026-05-19 21:42:29 [INFO] - 127.0.0.1 - - [19/May/2026 21:42:29] "[32mGET /admin/ HTTP/1.1[0m" 302 -
2026-05-19 21:42:29 [INFO] - 127.0.0.1 - - [19/May/2026 21:42:29] "GET /admin/perfil HTTP/1.1" 200 -
2026-05-19 21:42:42 [INFO] - 127.0.0.1 - - [19/May/2026 21:42:42] "POST /admin/perfil HTTP/1.1" 200 -
2026-05-19 21:42:51 [INFO] - 127.0.0.1 - - [19/May/2026 21:42:51] "POST /admin/perfil HTTP/1.1" 200 -
2026-05-19 21:43:03 [INFO] - 127.0.0.1 - - [19/May/2026 21:43:03] "POST /admin/perfil HTTP/1.1" 200 -
2026-05-19 21:43:17 [INFO] - 127.0.0.1 - - [19/May/2026 21:43:17] "POST /admin/perfil HTTP/1.1" 200 -
2026-05-19 21:44:12 [INFO] - 127.0.0.1 - - [19/May/2026 21:44:12] "POST /admin/perfil HTTP/1.1" 200 -
2026-05-19 21:44:13 [INFO] - 127.0.0.1 - - [19/May/2026 21:44:13] "[32mGET /admin/auditorias HTTP/1.1[0m" 302 -
2026-05-19 21:44:13 [INFO] - 127.0.0.1 - - [19/May/2026 21:44:13] "GET /admin/perfil HTTP/1.1" 200 -
2026-05-19 21:44:14 [INFO] - 127.0.0.1 - - [19/May/2026 21:44:14] "[32mGET /admin/empresas HTTP/1.1[0m" 302 -
2026-05-19 21:44:14 [INFO] - 127.0.0.1 - - [19/May/2026 21:44:14] "GET /admin/perfil HTTP/1.1" 200 -
2026-05-19 21:44:41 [WARNING] - Intento de login bloqueado (usuario inactivo) para: test@example.com desde IP: 127.0.0.1
2026-05-19 21:44:41 [WARNING] - Intento de login bloqueado (usuario inactivo) para: test@example.com desde IP: 127.0.0.1
2026-05-19 21:44:41 [INFO] - Login exitoso para el usuario: test@example.com (ID: 1) desde IP: 127.0.0.1
2026-05-19 21:44:41 [INFO] - Login exitoso para el usuario: test@example.com (ID: 1) desde IP: 127.0.0.1
2026-05-19 21:44:41 [INFO] - Login exitoso para el usuario: test@example.com (ID: 1) desde IP: 127.0.0.1
2026-05-19 21:44:47 [INFO] - 127.0.0.1 - - [19/May/2026 21:44:47] "[32mPOST /admin/perfil HTTP/1.1[0m" 302 -
2026-05-19 21:44:47 [INFO] - 127.0.0.1 - - [19/May/2026 21:44:47] "GET /admin/perfil HTTP/1.1" 200 -
2026-05-19 21:44:49 [INFO] - 127.0.0.1 - - [19/May/2026 21:44:49] "GET /admin/empresas HTTP/1.1" 200 -
2026-05-19 21:44:50 [INFO] - 127.0.0.1 - - [19/May/2026 21:44:50] "GET /admin/auditorias HTTP/1.1" 200 -
2026-05-19 21:44:51 [INFO] - 127.0.0.1 - - [19/May/2026 21:44:51] "GET /admin/calendario HTTP/1.1" 200 -
2026-05-19 21:44:51 [INFO] - 127.0.0.1 - - [19/May/2026 21:44:51] "GET /admin/api/eventos?start=2026-04-26T00:00:00+02:00&end=2026-06-07T00:00:00+02:00 HTTP/1.1" 200 -
2026-05-19 21:45:03 [INFO] - 127.0.0.1 - - [19/May/2026 21:45:03] "GET /admin/calendario HTTP/1.1" 200 -
2026-05-19 21:45:03 [INFO] - 127.0.0.1 - - [19/May/2026 21:45:03] "GET /admin/api/eventos?start=2026-04-26T00:00:00+02:00&end=2026-06-07T00:00:00+02:00 HTTP/1.1" 200 -
2026-05-19 21:45:13 [INFO] - 127.0.0.1 - - [19/May/2026 21:45:13] "GET /admin/calendario HTTP/1.1" 200 -
2026-05-19 21:45:13 [INFO] - 127.0.0.1 - - [19/May/2026 21:45:13] "GET /admin/api/eventos?start=2026-04-26T00:00:00+02:00&end=2026-06-07T00:00:00+02:00 HTTP/1.1" 200 -
2026-05-19 21:45:34 [INFO] - [31m[1mWARNING: This is a development server. Do not use it in a production deployment. Use a production WSGI server instead.[0m
 * Running on http://127.0.0.1:5000
2026-05-19 21:45:34 [INFO] - [33mPress CTRL+C to quit[0m
2026-05-19 21:45:38 [INFO] - 127.0.0.1 - - [19/May/2026 21:45:38] "GET /admin/auditorias HTTP/1.1" 200 -
2026-05-19 21:45:40 [INFO] - 127.0.0.1 - - [19/May/2026 21:45:40] "GET /admin/calendario HTTP/1.1" 200 -
2026-05-19 21:45:40 [INFO] - 127.0.0.1 - - [19/May/2026 21:45:40] "GET /admin/api/eventos?start=2026-04-26T00:00:00+02:00&end=2026-06-07T00:00:00+02:00 HTTP/1.1" 200 -
2026-05-19 21:46:22 [INFO] - 127.0.0.1 - - [19/May/2026 21:46:22] "GET /admin/users HTTP/1.1" 200 -
2026-05-19 21:46:24 [INFO] - 127.0.0.1 - - [19/May/2026 21:46:24] "GET /admin/users/nuevo HTTP/1.1" 200 -
2026-05-19 21:46:26 [INFO] - 127.0.0.1 - - [19/May/2026 21:46:26] "GET /admin/ HTTP/1.1" 200 -
2026-05-19 21:46:49 [WARNING] - Intento de login bloqueado (usuario inactivo) para: test@example.com desde IP: 127.0.0.1
2026-05-19 21:46:49 [WARNING] - Intento de login bloqueado (usuario inactivo) para: test@example.com desde IP: 127.0.0.1
2026-05-19 21:46:49 [INFO] - Login exitoso para el usuario: test@example.com (ID: 1) desde IP: 127.0.0.1
2026-05-19 21:46:49 [INFO] - Login exitoso para el usuario: test@example.com (ID: 1) desde IP: 127.0.0.1
2026-05-19 21:46:49 [INFO] - Login exitoso para el usuario: test@example.com (ID: 1) desde IP: 127.0.0.1
2026-05-19 21:46:54 [INFO] - 127.0.0.1 - - [19/May/2026 21:46:54] "GET /admin/calendario HTTP/1.1" 200 -
2026-05-19 21:46:54 [INFO] - 127.0.0.1 - - [19/May/2026 21:46:54] "GET /admin/api/eventos?start=2026-04-26T00:00:00+02:00&end=2026-06-07T00:00:00+02:00 HTTP/1.1" 200 -
2026-05-19 21:47:01 [INFO] - [31m[1mWARNING: This is a development server. Do not use it in a production deployment. Use a production WSGI server instead.[0m
 * Running on http://127.0.0.1:5000
2026-05-19 21:47:01 [INFO] - [33mPress CTRL+C to quit[0m
2026-05-19 21:47:06 [INFO] - 127.0.0.1 - - [19/May/2026 21:47:06] "GET /admin/calendario HTTP/1.1" 200 -
2026-05-19 21:47:06 [INFO] - 127.0.0.1 - - [19/May/2026 21:47:06] "GET /admin/api/eventos?start=2026-04-26T00:00:00+02:00&end=2026-06-07T00:00:00+02:00 HTTP/1.1" 200 -
2026-05-19 21:47:17 [INFO] - 127.0.0.1 - - [19/May/2026 21:47:17] "GET /admin/ HTTP/1.1" 200 -
2026-05-19 21:47:18 [INFO] - 127.0.0.1 - - [19/May/2026 21:47:18] "GET /admin/empresas HTTP/1.1" 200 -
2026-05-19 21:47:19 [INFO] - 127.0.0.1 - - [19/May/2026 21:47:19] "GET /admin/auditorias HTTP/1.1" 200 -
2026-05-19 21:47:19 [INFO] - 127.0.0.1 - - [19/May/2026 21:47:19] "GET /admin/users HTTP/1.1" 200 -
2026-05-19 21:47:20 [INFO] - 127.0.0.1 - - [19/May/2026 21:47:20] "GET /admin/users/nuevo HTTP/1.1" 200 -
2026-05-19 21:47:48 [INFO] - 127.0.0.1 - - [19/May/2026 21:47:48] "[31m[1mPOST /admin/users/nuevo HTTP/1.1[0m" 400 -
2026-05-19 21:48:05 [INFO] - 127.0.0.1 - - [19/May/2026 21:48:05] "[32mPOST /admin/users/nuevo HTTP/1.1[0m" 302 -
2026-05-19 21:48:05 [INFO] - 127.0.0.1 - - [19/May/2026 21:48:05] "GET /admin/users HTTP/1.1" 200 -
2026-05-19 21:48:07 [INFO] - 127.0.0.1 - - [19/May/2026 21:48:07] "GET /admin/users HTTP/1.1" 200 -
2026-05-19 21:48:09 [INFO] - 127.0.0.1 - - [19/May/2026 21:48:09] "GET /admin/users HTTP/1.1" 200 -
2026-05-19 21:48:10 [INFO] - 127.0.0.1 - - [19/May/2026 21:48:10] "GET /admin/users/nuevo HTTP/1.1" 200 -
2026-05-19 21:48:11 [INFO] - 127.0.0.1 - - [19/May/2026 21:48:11] "GET /admin/users HTTP/1.1" 200 -
2026-05-19 21:49:40 [WARNING] - Intento de login bloqueado (usuario inactivo) para: test@example.com desde IP: 127.0.0.1
2026-05-19 21:49:40 [WARNING] - Intento de login bloqueado (usuario inactivo) para: test@example.com desde IP: 127.0.0.1
2026-05-19 21:49:40 [INFO] - Login exitoso para el usuario: test@example.com (ID: 1) desde IP: 127.0.0.1
2026-05-19 21:49:40 [INFO] - Login exitoso para el usuario: test@example.com (ID: 1) desde IP: 127.0.0.1
2026-05-19 21:49:40 [INFO] - Login exitoso para el usuario: test@example.com (ID: 1) desde IP: 127.0.0.1
2026-05-19 21:52:10 [INFO] - [31m[1mWARNING: This is a development server. Do not use it in a production deployment. Use a production WSGI server instead.[0m
 * Running on http://127.0.0.1:5000
2026-05-19 21:52:10 [INFO] - [33mPress CTRL+C to quit[0m
2026-05-19 21:52:17 [INFO] - 127.0.0.1 - - [19/May/2026 21:52:17] "GET /admin/users HTTP/1.1" 200 -
2026-05-19 21:52:32 [WARNING] - Usuario 3 (juan@gmail.com) ha sido desactivado por el ADMIN 2 (admin@admin.com)
2026-05-19 21:52:32 [INFO] - 127.0.0.1 - - [19/May/2026 21:52:32] "[32mPOST /admin/users/eliminar/3 HTTP/1.1[0m" 302 -
2026-05-19 21:52:32 [INFO] - 127.0.0.1 - - [19/May/2026 21:52:32] "GET /admin/users HTTP/1.1" 200 -
2026-05-19 21:52:33 [WARNING] - Usuario 2 (admin@admin.com) ha sido desactivado por el ADMIN 2 (admin@admin.com)
2026-05-19 21:52:33 [INFO] - 127.0.0.1 - - [19/May/2026 21:52:33] "[32mPOST /admin/users/eliminar/2 HTTP/1.1[0m" 302 -
2026-05-19 21:52:33 [INFO] - 127.0.0.1 - - [19/May/2026 21:52:33] "GET /admin/users HTTP/1.1" 200 -
2026-05-19 21:53:40 [WARNING] - Intento de login bloqueado (usuario inactivo) para: test@example.com desde IP: 127.0.0.1
2026-05-19 21:53:40 [WARNING] - Intento de login bloqueado (usuario inactivo) para: test@example.com desde IP: 127.0.0.1
2026-05-19 21:53:40 [INFO] - Login exitoso para el usuario: test@example.com (ID: 1) desde IP: 127.0.0.1
2026-05-19 21:53:40 [INFO] - Login exitoso para el usuario: test@example.com (ID: 1) desde IP: 127.0.0.1
2026-05-19 21:53:40 [INFO] - Login exitoso para el usuario: test@example.com (ID: 1) desde IP: 127.0.0.1
2026-05-19 21:54:25 [INFO] - Login exitoso para el usuario: admin@example.com (ID: 1) desde IP: 127.0.0.1
2026-05-19 21:54:25 [WARNING] - Usuario 2 (client@example.com) ha sido desactivado por el ADMIN 1 (admin@example.com)
2026-05-19 21:54:25 [INFO] - Usuario 2 (client@example.com) ha sido activado por el ADMIN 1 (admin@example.com)
2026-05-19 21:54:25 [WARNING] - Usuario 2 (client@example.com) ha sido desactivado por el ADMIN 1 (admin@example.com)
2026-05-19 21:54:25 [INFO] - Usuario 2 (client@example.com) ha sido eliminado permanentemente por el ADMIN 1 (admin@example.com)
2026-05-19 21:54:25 [INFO] - Login exitoso para el usuario: admin@example.com (ID: 1) desde IP: 127.0.0.1
2026-05-19 21:54:25 [INFO] - Login exitoso para el usuario: admin@example.com (ID: 1) desde IP: 127.0.0.1
2026-05-19 21:54:26 [WARNING] - Intento de login bloqueado (usuario inactivo) para: test@example.com desde IP: 127.0.0.1
2026-05-19 21:54:26 [WARNING] - Intento de login bloqueado (usuario inactivo) para: test@example.com desde IP: 127.0.0.1
2026-05-19 21:54:26 [WARNING] - Intento de login bloqueado (usuario inactivo) para: test@example.com desde IP: 127.0.0.1
2026-05-19 21:54:26 [WARNING] - Intento de login bloqueado (usuario inactivo) para: test@example.com desde IP: 127.0.0.1
2026-05-19 21:54:26 [INFO] - Login exitoso para el usuario: test@example.com (ID: 1) desde IP: 127.0.0.1
2026-05-19 21:54:26 [INFO] - Login exitoso para el usuario: test@example.com (ID: 1) desde IP: 127.0.0.1
2026-05-19 21:54:26 [INFO] - Login exitoso para el usuario: test@example.com (ID: 1) desde IP: 127.0.0.1
2026-05-19 21:54:26 [INFO] - Login exitoso para el usuario: test@example.com (ID: 1) desde IP: 127.0.0.1
2026-05-19 21:54:26 [INFO] - Login exitoso para el usuario: test@example.com (ID: 1) desde IP: 127.0.0.1
2026-05-19 21:54:52 [INFO] - [31m[1mWARNING: This is a development server. Do not use it in a production deployment. Use a production WSGI server instead.[0m
 * Running on http://127.0.0.1:5000
2026-05-19 21:54:52 [INFO] - [33mPress CTRL+C to quit[0m
2026-05-19 21:54:55 [INFO] - 127.0.0.1 - - [19/May/2026 21:54:55] "GET /admin/users HTTP/1.1" 200 -
2026-05-19 21:54:57 [WARNING] - Usuario 2 (admin@admin.com) ha sido desactivado por el ADMIN 2 (admin@admin.com)
2026-05-19 21:54:57 [INFO] - 127.0.0.1 - - [19/May/2026 21:54:57] "[32mPOST /admin/users/eliminar/2 HTTP/1.1[0m" 302 -
2026-05-19 21:54:57 [INFO] - 127.0.0.1 - - [19/May/2026 21:54:57] "GET /admin/users HTTP/1.1" 200 -
2026-05-19 21:54:59 [INFO] - 127.0.0.1 - - [19/May/2026 21:54:59] "[32mPOST /admin/users/borrar_permanente/2 HTTP/1.1[0m" 302 -
2026-05-19 21:54:59 [INFO] - 127.0.0.1 - - [19/May/2026 21:54:59] "GET /admin/users HTTP/1.1" 200 -
2026-05-19 21:55:01 [WARNING] - Usuario 3 (juan@gmail.com) ha sido desactivado por el ADMIN 2 (admin@admin.com)
2026-05-19 21:55:02 [INFO] - 127.0.0.1 - - [19/May/2026 21:55:02] "[32mPOST /admin/users/eliminar/3 HTTP/1.1[0m" 302 -
2026-05-19 21:55:02 [INFO] - 127.0.0.1 - - [19/May/2026 21:55:02] "GET /admin/users HTTP/1.1" 200 -
2026-05-19 21:55:03 [INFO] - Usuario 3 (juan@gmail.com) ha sido eliminado permanentemente por el ADMIN 2 (admin@admin.com)
2026-05-19 21:55:03 [INFO] - 127.0.0.1 - - [19/May/2026 21:55:03] "[32mPOST /admin/users/borrar_permanente/3 HTTP/1.1[0m" 302 -
2026-05-19 21:55:03 [INFO] - 127.0.0.1 - - [19/May/2026 21:55:03] "GET /admin/users HTTP/1.1" 200 -
2026-05-19 21:55:04 [INFO] - 127.0.0.1 - - [19/May/2026 21:55:04] "GET /admin/users/nuevo HTTP/1.1" 200 -
2026-05-19 21:55:06 [INFO] - 127.0.0.1 - - [19/May/2026 21:55:06] "GET /admin/users HTTP/1.1" 200 -
2026-05-19 21:55:10 [INFO] - 127.0.0.1 - - [19/May/2026 21:55:10] "GET /admin/empresas HTTP/1.1" 200 -
2026-05-19 21:55:11 [INFO] - 127.0.0.1 - - [19/May/2026 21:55:11] "GET /admin/empresas/nueva HTTP/1.1" 200 -
2026-05-19 21:55:33 [INFO] - 127.0.0.1 - - [19/May/2026 21:55:33] "[32mPOST /admin/empresas/nueva HTTP/1.1[0m" 302 -
2026-05-19 21:55:33 [INFO] - 127.0.0.1 - - [19/May/2026 21:55:33] "GET /admin/empresas HTTP/1.1" 200 -
2026-05-19 21:55:36 [INFO] - 127.0.0.1 - - [19/May/2026 21:55:36] "GET /admin/empresas HTTP/1.1" 200 -
2026-05-19 21:55:37 [INFO] - 127.0.0.1 - - [19/May/2026 21:55:37] "GET /admin/auditorias HTTP/1.1" 200 -
2026-05-19 21:55:38 [INFO] - 127.0.0.1 - - [19/May/2026 21:55:38] "GET /admin/auditorias/nueva HTTP/1.1" 200 -
2026-05-19 21:55:59 [INFO] - 127.0.0.1 - - [19/May/2026 21:55:59] "[32mPOST /admin/auditorias/nueva HTTP/1.1[0m" 302 -
2026-05-19 21:55:59 [INFO] - 127.0.0.1 - - [19/May/2026 21:55:59] "GET /admin/auditorias HTTP/1.1" 200 -
2026-05-19 21:56:46 [INFO] - 127.0.0.1 - - [19/May/2026 21:56:46] "GET /admin/auditorias HTTP/1.1" 200 -
2026-05-19 21:56:50 [INFO] - 127.0.0.1 - - [19/May/2026 21:56:50] "GET /admin/auditorias?q=&estado= HTTP/1.1" 200 -
2026-05-19 21:57:06 [INFO] - 127.0.0.1 - - [19/May/2026 21:57:06] "GET /admin/calendario HTTP/1.1" 200 -
2026-05-19 21:57:06 [INFO] - 127.0.0.1 - - [19/May/2026 21:57:06] "GET /admin/api/eventos?start=2026-04-26T00:00:00+02:00&end=2026-06-07T00:00:00+02:00 HTTP/1.1" 200 -
2026-05-19 21:57:07 [INFO] - 127.0.0.1 - - [19/May/2026 21:57:07] "GET /admin/auditorias HTTP/1.1" 200 -
2026-05-19 21:57:07 [INFO] - 127.0.0.1 - - [19/May/2026 21:57:07] "GET /admin/empresas HTTP/1.1" 200 -
2026-05-19 21:57:10 [INFO] - 127.0.0.1 - - [19/May/2026 21:57:10] "GET /admin/users HTTP/1.1" 200 -
2026-05-19 21:57:11 [INFO] - 127.0.0.1 - - [19/May/2026 21:57:11] "GET /admin/users/nuevo HTTP/1.1" 200 -
2026-05-19 21:57:13 [INFO] - 127.0.0.1 - - [19/May/2026 21:57:13] "GET /admin/users HTTP/1.1" 200 -
2026-05-19 21:57:13 [INFO] - Usuario 2 (admin@admin.com) ha sido activado por el ADMIN 2 (admin@admin.com)
2026-05-19 21:57:13 [INFO] - 127.0.0.1 - - [19/May/2026 21:57:13] "[32mPOST /admin/users/activar/2 HTTP/1.1[0m" 302 -
2026-05-19 21:57:13 [INFO] - 127.0.0.1 - - [19/May/2026 21:57:13] "GET /admin/users HTTP/1.1" 200 -
2026-05-19 21:57:14 [INFO] - 127.0.0.1 - - [19/May/2026 21:57:14] "GET /admin/users/nuevo HTTP/1.1" 200 -
2026-05-19 21:57:35 [INFO] - 127.0.0.1 - - [19/May/2026 21:57:35] "[32mPOST /admin/users/nuevo HTTP/1.1[0m" 302 -
2026-05-19 21:57:35 [INFO] - 127.0.0.1 - - [19/May/2026 21:57:35] "GET /admin/users HTTP/1.1" 200 -
2026-05-19 21:57:38 [INFO] - 127.0.0.1 - - [19/May/2026 21:57:38] "GET /admin/users/nuevo HTTP/1.1" 200 -
2026-05-19 21:57:59 [INFO] - 127.0.0.1 - - [19/May/2026 21:57:59] "[32mPOST /admin/users/nuevo HTTP/1.1[0m" 302 -
2026-05-19 21:57:59 [INFO] - 127.0.0.1 - - [19/May/2026 21:57:59] "GET /admin/users HTTP/1.1" 200 -
2026-05-19 21:58:01 [INFO] - 127.0.0.1 - - [19/May/2026 21:58:01] "[32mGET /auth/logout HTTP/1.1[0m" 302 -
2026-05-19 21:58:01 [INFO] - 127.0.0.1 - - [19/May/2026 21:58:01] "GET /auth/login HTTP/1.1" 200 -
2026-05-19 21:58:06 [INFO] - Login exitoso para el usuario: tecnico@gmail.com (ID: 4) desde IP: 127.0.0.1
2026-05-19 21:58:06 [INFO] - 127.0.0.1 - - [19/May/2026 21:58:06] "[32mPOST /auth/login HTTP/1.1[0m" 302 -
2026-05-19 21:58:06 [INFO] - 127.0.0.1 - - [19/May/2026 21:58:06] "GET /admin/ HTTP/1.1" 200 -
2026-05-19 21:58:58 [INFO] - 127.0.0.1 - - [19/May/2026 21:58:58] "GET /admin/auditorias HTTP/1.1" 200 -
2026-05-19 21:58:58 [INFO] - 127.0.0.1 - - [19/May/2026 21:58:58] "GET /admin/empresas HTTP/1.1" 200 -
2026-05-19 21:58:59 [INFO] - 127.0.0.1 - - [19/May/2026 21:58:59] "GET /admin/auditorias HTTP/1.1" 200 -
2026-05-19 21:59:00 [INFO] - 127.0.0.1 - - [19/May/2026 21:59:00] "GET /admin/empresas HTTP/1.1" 200 -
2026-05-19 21:59:00 [INFO] - 127.0.0.1 - - [19/May/2026 21:59:00] "GET /admin/auditorias HTTP/1.1" 200 -
2026-05-19 21:59:01 [INFO] - 127.0.0.1 - - [19/May/2026 21:59:01] "GET /admin/ HTTP/1.1" 200 -
2026-05-19 21:59:04 [INFO] - 127.0.0.1 - - [19/May/2026 21:59:04] "GET /admin/auditorias HTTP/1.1" 200 -
2026-05-19 21:59:07 [INFO] - 127.0.0.1 - - [19/May/2026 21:59:07] "GET /admin/auditorias HTTP/1.1" 200 -
2026-05-19 21:59:12 [INFO] - 127.0.0.1 - - [19/May/2026 21:59:12] "GET /admin/ HTTP/1.1" 200 -
2026-05-19 21:59:20 [INFO] - 127.0.0.1 - - [19/May/2026 21:59:20] "GET /admin/empresas HTTP/1.1" 200 -
2026-05-19 21:59:21 [INFO] - 127.0.0.1 - - [19/May/2026 21:59:21] "GET /admin/auditorias HTTP/1.1" 200 -
2026-05-19 21:59:21 [INFO] - 127.0.0.1 - - [19/May/2026 21:59:21] "GET /admin/auditorias/nueva HTTP/1.1" 200 -
2026-05-19 21:59:27 [ERROR] - Error generando alerta: (pymysql.err.DataError) (1265, "Data truncated for column 'tipo' at row 1")
[SQL: INSERT INTO alerta (auditoria_id, empresa_id, usuario_id, tipo, severidad, canal, asunto, mensaje, leida, enviada, enviada_en, creada_en) VALUES (%(auditoria_id)s, %(empresa_id)s, %(usuario_id)s, %(tipo)s, %(severidad)s, %(canal)s, %(asunto)s, %(mensaje)s, %(leida)s, %(enviada)s, %(enviada_en)s, %(creada_en)s)]
[parameters: {'auditoria_id': 2, 'empresa_id': 1, 'usuario_id': 2, 'tipo': 'BRECHA_CRITICA', 'severidad': 'CRÍTICA', 'canal': 'AMBOS', 'asunto': '¡Riesgo Crítico! Brecha > 25% detectada en Auditoría #2', 'mensaje': 'Se ha calculado una brecha media global del 22.79%. Por ley (art. 28 ET) debe ser justificada objetivamente. Revise las recomendaciones.', 'leida': 0, 'enviada': 0, 'enviada_en': None, 'creada_en': datetime.datetime(2026, 5, 19, 19, 59, 27, 435083)}]
(Background on this error at: https://sqlalche.me/e/20/9h9h)
2026-05-19 21:59:27 [INFO] - 127.0.0.1 - - [19/May/2026 21:59:27] "[32mPOST /admin/auditorias/nueva HTTP/1.1[0m" 302 -
2026-05-19 21:59:27 [INFO] - 127.0.0.1 - - [19/May/2026 21:59:27] "GET /admin/auditorias HTTP/1.1" 200 -
2026-05-19 21:59:31 [INFO] - 127.0.0.1 - - [19/May/2026 21:59:31] "GET /admin/auditorias/nueva HTTP/1.1" 200 -
2026-05-19 21:59:35 [ERROR] - Error generando alerta: (pymysql.err.DataError) (1265, "Data truncated for column 'tipo' at row 1")
[SQL: INSERT INTO alerta (auditoria_id, empresa_id, usuario_id, tipo, severidad, canal, asunto, mensaje, leida, enviada, enviada_en, creada_en) VALUES (%(auditoria_id)s, %(empresa_id)s, %(usuario_id)s, %(tipo)s, %(severidad)s, %(canal)s, %(asunto)s, %(mensaje)s, %(leida)s, %(enviada)s, %(enviada_en)s, %(creada_en)s)]
[parameters: {'auditoria_id': 3, 'empresa_id': 1, 'usuario_id': 2, 'tipo': 'BRECHA_CRITICA', 'severidad': 'CRÍTICA', 'canal': 'AMBOS', 'asunto': '¡Riesgo Crítico! Brecha > 25% detectada en Auditoría #3', 'mensaje': 'Se ha calculado una brecha media global del 22.42%. Por ley (art. 28 ET) debe ser justificada objetivamente. Revise las recomendaciones.', 'leida': 0, 'enviada': 0, 'enviada_en': None, 'creada_en': datetime.datetime(2026, 5, 19, 19, 59, 35, 618834)}]
(Background on this error at: https://sqlalche.me/e/20/9h9h)
2026-05-19 21:59:35 [INFO] - 127.0.0.1 - - [19/May/2026 21:59:35] "[32mPOST /admin/auditorias/nueva HTTP/1.1[0m" 302 -
2026-05-19 21:59:35 [INFO] - 127.0.0.1 - - [19/May/2026 21:59:35] "GET /admin/auditorias HTTP/1.1" 200 -
2026-05-19 21:59:36 [INFO] - 127.0.0.1 - - [19/May/2026 21:59:36] "GET /admin/auditorias/nueva HTTP/1.1" 200 -
2026-05-19 21:59:44 [ERROR] - Error generando alerta: (pymysql.err.DataError) (1265, "Data truncated for column 'tipo' at row 1")
[SQL: INSERT INTO alerta (auditoria_id, empresa_id, usuario_id, tipo, severidad, canal, asunto, mensaje, leida, enviada, enviada_en, creada_en) VALUES (%(auditoria_id)s, %(empresa_id)s, %(usuario_id)s, %(tipo)s, %(severidad)s, %(canal)s, %(asunto)s, %(mensaje)s, %(leida)s, %(enviada)s, %(enviada_en)s, %(creada_en)s)]
[parameters: {'auditoria_id': 4, 'empresa_id': 1, 'usuario_id': 2, 'tipo': 'BRECHA_CRITICA', 'severidad': 'CRÍTICA', 'canal': 'AMBOS', 'asunto': '¡Riesgo Crítico! Brecha > 25% detectada en Auditoría #4', 'mensaje': 'Se ha calculado una brecha media global del 21.45%. Por ley (art. 28 ET) debe ser justificada objetivamente. Revise las recomendaciones.', 'leida': 0, 'enviada': 0, 'enviada_en': None, 'creada_en': datetime.datetime(2026, 5, 19, 19, 59, 44, 172316)}]
(Background on this error at: https://sqlalche.me/e/20/9h9h)
2026-05-19 21:59:44 [INFO] - 127.0.0.1 - - [19/May/2026 21:59:44] "[32mPOST /admin/auditorias/nueva HTTP/1.1[0m" 302 -
2026-05-19 21:59:44 [INFO] - 127.0.0.1 - - [19/May/2026 21:59:44] "GET /admin/auditorias HTTP/1.1" 200 -
2026-05-19 21:59:45 [INFO] - 127.0.0.1 - - [19/May/2026 21:59:45] "GET /admin/ HTTP/1.1" 200 -
2026-05-19 22:00:27 [INFO] - Login exitoso para el usuario: admin@example.com (ID: 1) desde IP: 127.0.0.1
2026-05-19 22:00:27 [WARNING] - Usuario 2 (client@example.com) ha sido desactivado por el ADMIN 1 (admin@example.com)
2026-05-19 22:00:27 [INFO] - Usuario 2 (client@example.com) ha sido activado por el ADMIN 1 (admin@example.com)
2026-05-19 22:00:27 [WARNING] - Usuario 2 (client@example.com) ha sido desactivado por el ADMIN 1 (admin@example.com)
2026-05-19 22:00:27 [INFO] - Usuario 2 (client@example.com) ha sido eliminado permanentemente por el ADMIN 1 (admin@example.com)
2026-05-19 22:00:27 [INFO] - Login exitoso para el usuario: admin@example.com (ID: 1) desde IP: 127.0.0.1
2026-05-19 22:00:27 [INFO] - Login exitoso para el usuario: admin@example.com (ID: 1) desde IP: 127.0.0.1
2026-05-19 22:00:27 [WARNING] - Intento de login bloqueado (usuario inactivo) para: test@example.com desde IP: 127.0.0.1
2026-05-19 22:00:27 [WARNING] - Intento de login bloqueado (usuario inactivo) para: test@example.com desde IP: 127.0.0.1
2026-05-19 22:00:27 [WARNING] - Intento de login bloqueado (usuario inactivo) para: test@example.com desde IP: 127.0.0.1
2026-05-19 22:00:27 [WARNING] - Intento de login bloqueado (usuario inactivo) para: test@example.com desde IP: 127.0.0.1
2026-05-19 22:00:28 [INFO] - Login exitoso para el usuario: test@example.com (ID: 1) desde IP: 127.0.0.1
2026-05-19 22:00:28 [INFO] - Login exitoso para el usuario: test@example.com (ID: 1) desde IP: 127.0.0.1
2026-05-19 22:00:28 [INFO] - Login exitoso para el usuario: test@example.com (ID: 1) desde IP: 127.0.0.1
2026-05-19 22:00:28 [INFO] - Login exitoso para el usuario: test@example.com (ID: 1) desde IP: 127.0.0.1
2026-05-19 22:00:28 [INFO] - Login exitoso para el usuario: test@example.com (ID: 1) desde IP: 127.0.0.1
2026-05-19 22:00:43 [INFO] - Login exitoso para el usuario: admin@example.com (ID: 1) desde IP: 127.0.0.1
2026-05-19 22:00:43 [WARNING] - Usuario 2 (client@example.com) ha sido desactivado por el ADMIN 1 (admin@example.com)
2026-05-19 22:00:43 [INFO] - Usuario 2 (client@example.com) ha sido activado por el ADMIN 1 (admin@example.com)
2026-05-19 22:00:43 [WARNING] - Usuario 2 (client@example.com) ha sido desactivado por el ADMIN 1 (admin@example.com)
2026-05-19 22:00:43 [INFO] - Usuario 2 (client@example.com) ha sido eliminado permanentemente por el ADMIN 1 (admin@example.com)
2026-05-19 22:00:44 [INFO] - Login exitoso para el usuario: admin@example.com (ID: 1) desde IP: 127.0.0.1
2026-05-19 22:00:44 [INFO] - Login exitoso para el usuario: admin@example.com (ID: 1) desde IP: 127.0.0.1
2026-05-19 22:00:44 [INFO] - Login exitoso para el usuario: auditor@example.com (ID: 2) desde IP: 127.0.0.1
2026-05-19 22:00:44 [INFO] - Login exitoso para el usuario: auditor@example.com (ID: 2) desde IP: 127.0.0.1
2026-05-19 22:00:44 [INFO] - Login exitoso para el usuario: auditor@example.com (ID: 2) desde IP: 127.0.0.1
2026-05-19 22:00:44 [INFO] - Login exitoso para el usuario: admin@example.com (ID: 1) desde IP: 127.0.0.1
2026-05-19 22:00:44 [INFO] - Login exitoso para el usuario: admin@example.com (ID: 1) desde IP: 127.0.0.1
2026-05-19 22:00:44 [INFO] - Login exitoso para el usuario: admin@example.com (ID: 1) desde IP: 127.0.0.1
2026-05-19 22:00:45 [WARNING] - Intento de login bloqueado (usuario inactivo) para: test@example.com desde IP: 127.0.0.1
2026-05-19 22:00:45 [WARNING] - Intento de login bloqueado (usuario inactivo) para: test@example.com desde IP: 127.0.0.1
2026-05-19 22:00:45 [WARNING] - Intento de login bloqueado (usuario inactivo) para: test@example.com desde IP: 127.0.0.1
2026-05-19 22:00:45 [WARNING] - Intento de login bloqueado (usuario inactivo) para: test@example.com desde IP: 127.0.0.1
2026-05-19 22:00:45 [WARNING] - Intento de login bloqueado (usuario inactivo) para: test@example.com desde IP: 127.0.0.1
2026-05-19 22:00:45 [INFO] - Login exitoso para el usuario: test@example.com (ID: 1) desde IP: 127.0.0.1
2026-05-19 22:00:45 [INFO] - Login exitoso para el usuario: test@example.com (ID: 1) desde IP: 127.0.0.1
2026-05-19 22:00:45 [INFO] - Login exitoso para el usuario: test@example.com (ID: 1) desde IP: 127.0.0.1
2026-05-19 22:00:45 [INFO] - Login exitoso para el usuario: test@example.com (ID: 1) desde IP: 127.0.0.1
2026-05-19 22:00:45 [INFO] - Login exitoso para el usuario: test@example.com (ID: 1) desde IP: 127.0.0.1
2026-05-19 22:00:45 [INFO] - Login exitoso para el usuario: test@example.com (ID: 1) desde IP: 127.0.0.1
2026-05-19 22:01:37 [INFO] - [31m[1mWARNING: This is a development server. Do not use it in a production deployment. Use a production WSGI server instead.[0m
 * Running on http://127.0.0.1:5000
2026-05-19 22:01:37 [INFO] - [33mPress CTRL+C to quit[0m
2026-05-19 22:01:41 [INFO] - 127.0.0.1 - - [19/May/2026 22:01:41] "GET /admin/ HTTP/1.1" 200 -
2026-05-19 22:01:42 [INFO] - 127.0.0.1 - - [19/May/2026 22:01:42] "GET /admin/ HTTP/1.1" 200 -
2026-05-19 22:01:43 [INFO] - 127.0.0.1 - - [19/May/2026 22:01:43] "GET /admin/ HTTP/1.1" 200 -
2026-05-19 22:01:43 [INFO] - 127.0.0.1 - - [19/May/2026 22:01:43] "GET /admin/ HTTP/1.1" 200 -
2026-05-19 22:01:43 [INFO] - 127.0.0.1 - - [19/May/2026 22:01:43] "GET /admin/ HTTP/1.1" 200 -
2026-05-19 22:01:44 [INFO] - 127.0.0.1 - - [19/May/2026 22:01:44] "GET /admin/empresas HTTP/1.1" 200 -
2026-05-19 22:01:45 [INFO] - 127.0.0.1 - - [19/May/2026 22:01:45] "GET /admin/ HTTP/1.1" 200 -
2026-05-19 22:01:50 [INFO] - 127.0.0.1 - - [19/May/2026 22:01:50] "GET /admin/auditorias HTTP/1.1" 200 -
2026-05-19 22:01:51 [INFO] - 127.0.0.1 - - [19/May/2026 22:01:51] "GET /admin/calendario HTTP/1.1" 200 -
2026-05-19 22:01:51 [INFO] - 127.0.0.1 - - [19/May/2026 22:01:51] "GET /admin/api/eventos?start=2026-04-26T00:00:00+02:00&end=2026-06-07T00:00:00+02:00 HTTP/1.1" 200 -
2026-05-19 22:01:52 [INFO] - 127.0.0.1 - - [19/May/2026 22:01:52] "GET /admin/empresas HTTP/1.1" 200 -
2026-05-19 22:01:53 [INFO] - 127.0.0.1 - - [19/May/2026 22:01:53] "[31m[1mGET /admin/empresas/editar/1 HTTP/1.1[0m" 403 -
2026-05-19 22:04:12 [INFO] - 127.0.0.1 - - [19/May/2026 22:04:12] "GET /admin/empresas HTTP/1.1" 200 -
2026-05-19 22:04:26 [INFO] - [31m[1mWARNING: This is a development server. Do not use it in a production deployment. Use a production WSGI server instead.[0m
 * Running on http://127.0.0.1:5000
2026-05-19 22:04:26 [INFO] - [33mPress CTRL+C to quit[0m
2026-05-19 22:04:30 [INFO] - 127.0.0.1 - - [19/May/2026 22:04:30] "GET /admin/empresas HTTP/1.1" 200 -
2026-05-19 22:04:31 [INFO] - 127.0.0.1 - - [19/May/2026 22:04:31] "GET /admin/auditorias HTTP/1.1" 200 -
2026-05-19 22:04:31 [INFO] - 127.0.0.1 - - [19/May/2026 22:04:31] "GET /admin/auditorias HTTP/1.1" 200 -
2026-05-19 22:04:32 [INFO] - 127.0.0.1 - - [19/May/2026 22:04:32] "GET /admin/auditorias HTTP/1.1" 200 -
2026-05-19 22:06:39 [INFO] - 127.0.0.1 - - [19/May/2026 22:06:39] "GET /admin/auditorias HTTP/1.1" 200 -
2026-05-19 22:06:39 [INFO] - 127.0.0.1 - - [19/May/2026 22:06:39] "GET /admin/calendario HTTP/1.1" 200 -
2026-05-19 22:06:39 [INFO] - 127.0.0.1 - - [19/May/2026 22:06:39] "GET /admin/api/eventos?start=2026-04-26T00:00:00+02:00&end=2026-06-07T00:00:00+02:00 HTTP/1.1" 200 -
2026-05-19 22:07:17 [INFO] - 127.0.0.1 - - [19/May/2026 22:07:17] "[35m[1mPOST /admin/tareas HTTP/1.1[0m" 201 -
2026-05-19 22:07:17 [INFO] - 127.0.0.1 - - [19/May/2026 22:07:17] "GET /admin/api/eventos?start=2026-04-26T00:00:00+02:00&end=2026-06-07T00:00:00+02:00 HTTP/1.1" 200 -
2026-05-19 22:07:21 [INFO] - 127.0.0.1 - - [19/May/2026 22:07:21] "GET /admin/api/eventos?start=2026-05-31T00:00:00+02:00&end=2026-07-12T00:00:00+02:00 HTTP/1.1" 200 -
2026-05-19 22:07:22 [INFO] - 127.0.0.1 - - [19/May/2026 22:07:22] "GET /admin/api/eventos?start=2026-04-26T00:00:00+02:00&end=2026-06-07T00:00:00+02:00 HTTP/1.1" 200 -
2026-05-19 22:07:47 [INFO] - 127.0.0.1 - - [19/May/2026 22:07:47] "[35m[1mPOST /admin/citas HTTP/1.1[0m" 201 -
2026-05-19 22:07:47 [INFO] - 127.0.0.1 - - [19/May/2026 22:07:47] "GET /admin/api/eventos?start=2026-04-26T00:00:00+02:00&end=2026-06-07T00:00:00+02:00 HTTP/1.1" 200 -
2026-05-19 22:08:09 [INFO] - 127.0.0.1 - - [19/May/2026 22:08:09] "GET /admin/auditorias HTTP/1.1" 200 -
2026-05-19 22:10:15 [INFO] - Login exitoso para el usuario: admin@example.com (ID: 1) desde IP: 127.0.0.1
2026-05-19 22:10:15 [WARNING] - Usuario 2 (client@example.com) ha sido desactivado por el ADMIN 1 (admin@example.com)
2026-05-19 22:10:15 [INFO] - Usuario 2 (client@example.com) ha sido activado por el ADMIN 1 (admin@example.com)
2026-05-19 22:10:15 [WARNING] - Usuario 2 (client@example.com) ha sido desactivado por el ADMIN 1 (admin@example.com)
2026-05-19 22:10:15 [INFO] - Usuario 2 (client@example.com) ha sido eliminado permanentemente por el ADMIN 1 (admin@example.com)
2026-05-19 22:10:15 [INFO] - Login exitoso para el usuario: admin@example.com (ID: 1) desde IP: 127.0.0.1
2026-05-19 22:10:15 [INFO] - Login exitoso para el usuario: admin@example.com (ID: 1) desde IP: 127.0.0.1
2026-05-19 22:10:16 [INFO] - Login exitoso para el usuario: auditor@example.com (ID: 2) desde IP: 127.0.0.1
2026-05-19 22:10:16 [INFO] - Login exitoso para el usuario: auditor@example.com (ID: 2) desde IP: 127.0.0.1
2026-05-19 22:10:16 [INFO] - Login exitoso para el usuario: auditor@example.com (ID: 2) desde IP: 127.0.0.1
2026-05-19 22:10:16 [INFO] - Login exitoso para el usuario: admin@example.com (ID: 1) desde IP: 127.0.0.1
2026-05-19 22:10:16 [INFO] - Login exitoso para el usuario: admin@example.com (ID: 1) desde IP: 127.0.0.1
2026-05-19 22:10:16 [INFO] - Login exitoso para el usuario: admin@example.com (ID: 1) desde IP: 127.0.0.1
2026-05-19 22:11:47 [INFO] - 127.0.0.1 - - [19/May/2026 22:11:47] "GET /admin/auditorias HTTP/1.1" 200 -
2026-05-19 22:11:48 [INFO] - 127.0.0.1 - - [19/May/2026 22:11:48] "GET /admin/auditorias HTTP/1.1" 200 -
2026-05-19 22:11:48 [INFO] - 127.0.0.1 - - [19/May/2026 22:11:48] "GET /admin/auditorias HTTP/1.1" 200 -
2026-05-19 22:11:52 [INFO] - [31m[1mWARNING: This is a development server. Do not use it in a production deployment. Use a production WSGI server instead.[0m
 * Running on http://127.0.0.1:5000
2026-05-19 22:11:52 [INFO] - [33mPress CTRL+C to quit[0m
2026-05-19 22:11:57 [INFO] - 127.0.0.1 - - [19/May/2026 22:11:57] "GET /admin/auditorias HTTP/1.1" 200 -
2026-05-19 22:11:57 [INFO] - 127.0.0.1 - - [19/May/2026 22:11:57] "GET /admin/empresas HTTP/1.1" 200 -
2026-05-19 22:12:00 [INFO] - 127.0.0.1 - - [19/May/2026 22:12:00] "GET /admin/empresas HTTP/1.1" 200 -
2026-05-19 22:12:00 [INFO] - 127.0.0.1 - - [19/May/2026 22:12:00] "GET /admin/empresas HTTP/1.1" 200 -
2026-05-19 22:12:00 [INFO] - 127.0.0.1 - - [19/May/2026 22:12:00] "GET /admin/calendario HTTP/1.1" 200 -
2026-05-19 22:12:00 [INFO] - 127.0.0.1 - - [19/May/2026 22:12:00] "GET /admin/api/eventos?start=2026-04-26T00:00:00+02:00&end=2026-06-07T00:00:00+02:00 HTTP/1.1" 200 -
2026-05-19 22:12:00 [INFO] - 127.0.0.1 - - [19/May/2026 22:12:00] "GET /admin/auditorias HTTP/1.1" 200 -
2026-05-19 22:12:48 [INFO] - Login exitoso para el usuario: admin@example.com (ID: 1) desde IP: 127.0.0.1
2026-05-19 22:12:48 [WARNING] - Usuario 2 (client@example.com) ha sido desactivado por el ADMIN 1 (admin@example.com)
2026-05-19 22:12:48 [INFO] - Usuario 2 (client@example.com) ha sido activado por el ADMIN 1 (admin@example.com)
2026-05-19 22:12:48 [WARNING] - Usuario 2 (client@example.com) ha sido desactivado por el ADMIN 1 (admin@example.com)
2026-05-19 22:12:48 [INFO] - Usuario 2 (client@example.com) ha sido eliminado permanentemente por el ADMIN 1 (admin@example.com)
2026-05-19 22:12:48 [INFO] - Login exitoso para el usuario: admin@example.com (ID: 1) desde IP: 127.0.0.1
2026-05-19 22:12:48 [INFO] - Login exitoso para el usuario: admin@example.com (ID: 1) desde IP: 127.0.0.1
2026-05-19 22:12:49 [INFO] - Login exitoso para el usuario: auditor@example.com (ID: 2) desde IP: 127.0.0.1
2026-05-19 22:12:49 [INFO] - Login exitoso para el usuario: auditor@example.com (ID: 2) desde IP: 127.0.0.1
2026-05-19 22:12:49 [INFO] - Login exitoso para el usuario: auditor@example.com (ID: 2) desde IP: 127.0.0.1
2026-05-19 22:12:49 [INFO] - Login exitoso para el usuario: admin@example.com (ID: 1) desde IP: 127.0.0.1
2026-05-19 22:12:49 [INFO] - Login exitoso para el usuario: admin@example.com (ID: 1) desde IP: 127.0.0.1
2026-05-19 22:12:49 [INFO] - Login exitoso para el usuario: admin@example.com (ID: 1) desde IP: 127.0.0.1
2026-05-19 22:13:19 [INFO] - [31m[1mWARNING: This is a development server. Do not use it in a production deployment. Use a production WSGI server instead.[0m
 * Running on http://127.0.0.1:5000
2026-05-19 22:13:19 [INFO] - [33mPress CTRL+C to quit[0m
2026-05-19 22:13:28 [INFO] - 127.0.0.1 - - [19/May/2026 22:13:28] "GET /admin/auditorias HTTP/1.1" 200 -
2026-05-19 22:13:31 [INFO] - 127.0.0.1 - - [19/May/2026 22:13:31] "GET /admin/auditorias HTTP/1.1" 200 -
2026-05-19 22:13:32 [INFO] - 127.0.0.1 - - [19/May/2026 22:13:32] "GET /admin/auditorias/nueva HTTP/1.1" 200 -
2026-05-19 22:13:40 [ERROR] - Error generando alerta: (pymysql.err.DataError) (1265, "Data truncated for column 'tipo' at row 1")
[SQL: INSERT INTO alerta (auditoria_id, empresa_id, usuario_id, tipo, severidad, canal, asunto, mensaje, leida, enviada, enviada_en, creada_en) VALUES (%(auditoria_id)s, %(empresa_id)s, %(usuario_id)s, %(tipo)s, %(severidad)s, %(canal)s, %(asunto)s, %(mensaje)s, %(leida)s, %(enviada)s, %(enviada_en)s, %(creada_en)s)]
[parameters: {'auditoria_id': 5, 'empresa_id': 1, 'usuario_id': 2, 'tipo': 'BRECHA_CRITICA', 'severidad': 'CRÍTICA', 'canal': 'AMBOS', 'asunto': '¡Riesgo Crítico! Brecha > 25% detectada en Auditoría #5', 'mensaje': 'Se ha calculado una brecha media global del 22.79%. Por ley (art. 28 ET) debe ser justificada objetivamente. Revise las recomendaciones.', 'leida': 0, 'enviada': 0, 'enviada_en': None, 'creada_en': datetime.datetime(2026, 5, 19, 20, 13, 40, 873651)}]
(Background on this error at: https://sqlalche.me/e/20/9h9h)
2026-05-19 22:13:41 [INFO] - 127.0.0.1 - - [19/May/2026 22:13:41] "[32mPOST /admin/auditorias/nueva HTTP/1.1[0m" 302 -
2026-05-19 22:13:41 [INFO] - 127.0.0.1 - - [19/May/2026 22:13:41] "GET /admin/auditorias HTTP/1.1" 200 -
2026-05-19 22:13:45 [INFO] - 127.0.0.1 - - [19/May/2026 22:13:45] "GET /admin/empresas HTTP/1.1" 200 -
2026-05-19 22:13:45 [INFO] - 127.0.0.1 - - [19/May/2026 22:13:45] "GET /admin/auditorias HTTP/1.1" 200 -
2026-05-19 22:13:46 [INFO] - 127.0.0.1 - - [19/May/2026 22:13:46] "GET /admin/auditorias HTTP/1.1" 200 -
2026-05-19 22:13:46 [INFO] - 127.0.0.1 - - [19/May/2026 22:13:46] "GET /admin/auditorias HTTP/1.1" 200 -
2026-05-19 22:13:46 [INFO] - 127.0.0.1 - - [19/May/2026 22:13:46] "GET /admin/ HTTP/1.1" 200 -
2026-05-19 22:14:05 [INFO] - 127.0.0.1 - - [19/May/2026 22:14:05] "GET /admin/ HTTP/1.1" 200 -
2026-05-19 22:14:07 [INFO] - 127.0.0.1 - - [19/May/2026 22:14:07] "GET /admin/auditorias HTTP/1.1" 200 -
2026-05-19 22:15:49 [INFO] - Login exitoso para el usuario: admin@example.com (ID: 1) desde IP: 127.0.0.1
2026-05-19 22:16:26 [INFO] - [31m[1mWARNING: This is a development server. Do not use it in a production deployment. Use a production WSGI server instead.[0m
 * Running on http://127.0.0.1:5000
2026-05-19 22:16:26 [INFO] - [33mPress CTRL+C to quit[0m
2026-05-19 22:16:32 [INFO] - 127.0.0.1 - - [19/May/2026 22:16:32] "[32mGET /admin/auditorias HTTP/1.1[0m" 302 -
2026-05-19 22:16:32 [INFO] - 127.0.0.1 - - [19/May/2026 22:16:32] "GET /auth/login?next=/admin/auditorias HTTP/1.1" 200 -
2026-05-19 22:16:42 [WARNING] - Intento de login fallido para el email: tecnico@gmail.com desde IP: 127.0.0.1
2026-05-19 22:16:42 [INFO] - 127.0.0.1 - - [19/May/2026 22:16:42] "[31m[1mPOST /auth/login?next=/admin/auditorias HTTP/1.1[0m" 401 -
2026-05-19 22:16:51 [WARNING] - Intento de login fallido para el email: admin@admin.com desde IP: 127.0.0.1
2026-05-19 22:16:51 [INFO] - 127.0.0.1 - - [19/May/2026 22:16:51] "[31m[1mPOST /auth/login?next=/admin/auditorias HTTP/1.1[0m" 401 -
2026-05-19 22:17:12 [ERROR] - Exception on /auth/login [POST]
Traceback (most recent call last):
  File "D:\TFG\src\.venv\Lib\site-packages\sqlalchemy\engine\base.py", line 1967, in _exec_single_context
    self.dialect.do_execute(
  File "D:\TFG\src\.venv\Lib\site-packages\sqlalchemy\engine\default.py", line 952, in do_execute
    cursor.execute(statement, parameters)
  File "D:\TFG\src\.venv\Lib\site-packages\pymysql\cursors.py", line 153, in execute
    result = self._query(query)
             ^^^^^^^^^^^^^^^^^^
  File "D:\TFG\src\.venv\Lib\site-packages\pymysql\cursors.py", line 322, in _query
    conn.query(q)
  File "D:\TFG\src\.venv\Lib\site-packages\pymysql\connections.py", line 563, in query
    self._affected_rows = self._read_query_result(unbuffered=unbuffered)
                          ^^^^^^^^^^^^^^^^^^^^^^^^^^^^^^^^^^^^^^^^^^^^^^
  File "D:\TFG\src\.venv\Lib\site-packages\pymysql\connections.py", line 825, in _read_query_result
    result.read()
  File "D:\TFG\src\.venv\Lib\site-packages\pymysql\connections.py", line 1199, in read
    first_packet = self.connection._read_packet()
                   ^^^^^^^^^^^^^^^^^^^^^^^^^^^^^^
  File "D:\TFG\src\.venv\Lib\site-packages\pymysql\connections.py", line 775, in _read_packet
    packet.raise_for_error()
  File "D:\TFG\src\.venv\Lib\site-packages\pymysql\protocol.py", line 219, in raise_for_error
    err.raise_mysql_exception(self._data)
  File "D:\TFG\src\.venv\Lib\site-packages\pymysql\err.py", line 150, in raise_mysql_exception
    raise errorclass(errno, errval)
pymysql.err.OperationalError: (1054, "Unknown column 'usuario.must_change_password' in 'field list'")

The above exception was the direct cause of the following exception:

Traceback (most recent call last):
  File "D:\TFG\src\.venv\Lib\site-packages\flask\app.py", line 1473, in wsgi_app
    response = self.full_dispatch_request()
               ^^^^^^^^^^^^^^^^^^^^^^^^^^^^
  File "D:\TFG\src\.venv\Lib\site-packages\flask\app.py", line 882, in full_dispatch_request
    rv = self.handle_user_exception(e)
         ^^^^^^^^^^^^^^^^^^^^^^^^^^^^^
  File "D:\TFG\src\.venv\Lib\site-packages\flask\app.py", line 878, in full_dispatch_request
    rv = self.preprocess_request()
         ^^^^^^^^^^^^^^^^^^^^^^^^^
  File "D:\TFG\src\.venv\Lib\site-packages\flask\app.py", line 1253, in preprocess_request
    rv = self.ensure_sync(before_func)()
         ^^^^^^^^^^^^^^^^^^^^^^^^^^^^^^^
  File "D:\TFG\src\audit_salarial_app\__init__.py", line 77, in force_password_change
    if current_user.is_authenticated and getattr(current_user, 'must_change_password', False):
       ^^^^^^^^^^^^^^^^^^^^^^^^^^^^^
  File "D:\TFG\src\.venv\Lib\site-packages\werkzeug\local.py", line 318, in __get__
    obj = instance._get_current_object()
          ^^^^^^^^^^^^^^^^^^^^^^^^^^^^^^
  File "D:\TFG\src\.venv\Lib\site-packages\werkzeug\local.py", line 526, in _get_current_object
    return get_name(local())
                    ^^^^^^^
  File "D:\TFG\src\.venv\Lib\site-packages\flask_login\utils.py", line 25, in <lambda>
    current_user = LocalProxy(lambda: _get_user())
                                      ^^^^^^^^^^^
  File "D:\TFG\src\.venv\Lib\site-packages\flask_login\utils.py", line 370, in _get_user
    current_app.login_manager._load_user()
  File "D:\TFG\src\.venv\Lib\site-packages\flask_login\login_manager.py", line 364, in _load_user
    user = self._user_callback(user_id)
           ^^^^^^^^^^^^^^^^^^^^^^^^^^^^
  File "D:\TFG\src\audit_salarial_app\models.py", line 59, in load_user
    return db.session.get(Usuario, int(user_id))
           ^^^^^^^^^^^^^^^^^^^^^^^^^^^^^^^^^^^^^
  File "D:\TFG\src\.venv\Lib\site-packages\sqlalchemy\orm\scoping.py", line 1044, in get
    return self._proxied.get(
           ^^^^^^^^^^^^^^^^^^
  File "D:\TFG\src\.venv\Lib\site-packages\sqlalchemy\orm\session.py", line 3680, in get
    return self._get_impl(
           ^^^^^^^^^^^^^^^
  File "D:\TFG\src\.venv\Lib\site-packages\sqlalchemy\orm\session.py", line 3859, in _get_impl
    return db_load_fn(
           ^^^^^^^^^^^
  File "D:\TFG\src\.venv\Lib\site-packages\sqlalchemy\orm\loading.py", line 695, in load_on_pk_identity
    session.execute(
  File "D:\TFG\src\.venv\Lib\site-packages\sqlalchemy\orm\session.py", line 2351, in execute
    return self._execute_internal(
           ^^^^^^^^^^^^^^^^^^^^^^^
  File "D:\TFG\src\.venv\Lib\site-packages\sqlalchemy\orm\session.py", line 2249, in _execute_internal
    result: Result[Any] = compile_state_cls.orm_execute_statement(
                          ^^^^^^^^^^^^^^^^^^^^^^^^^^^^^^^^^^^^^^^^
  File "D:\TFG\src\.venv\Lib\site-packages\sqlalchemy\orm\context.py", line 306, in orm_execute_statement
    result = conn.execute(
             ^^^^^^^^^^^^^
  File "D:\TFG\src\.venv\Lib\site-packages\sqlalchemy\engine\base.py", line 1419, in execute
    return meth(
           ^^^^^
  File "D:\TFG\src\.venv\Lib\site-packages\sqlalchemy\sql\elements.py", line 527, in _execute_on_connection
    return connection._execute_clauseelement(
           ^^^^^^^^^^^^^^^^^^^^^^^^^^^^^^^^^^
  File "D:\TFG\src\.venv\Lib\site-packages\sqlalchemy\engine\base.py", line 1641, in _execute_clauseelement
    ret = self._execute_context(
          ^^^^^^^^^^^^^^^^^^^^^^
  File "D:\TFG\src\.venv\Lib\site-packages\sqlalchemy\engine\base.py", line 1846, in _execute_context
    return self._exec_single_context(
           ^^^^^^^^^^^^^^^^^^^^^^^^^^
  File "D:\TFG\src\.venv\Lib\site-packages\sqlalchemy\engine\base.py", line 1986, in _exec_single_context
    self._handle_dbapi_exception(
  File "D:\TFG\src\.venv\Lib\site-packages\sqlalchemy\engine\base.py", line 2363, in _handle_dbapi_exception
    raise sqlalchemy_exception.with_traceback(exc_info[2]) from e
  File "D:\TFG\src\.venv\Lib\site-packages\sqlalchemy\engine\base.py", line 1967, in _exec_single_context
    self.dialect.do_execute(
  File "D:\TFG\src\.venv\Lib\site-packages\sqlalchemy\engine\default.py", line 952, in do_execute
    cursor.execute(statement, parameters)
  File "D:\TFG\src\.venv\Lib\site-packages\pymysql\cursors.py", line 153, in execute
    result = self._query(query)
             ^^^^^^^^^^^^^^^^^^
  File "D:\TFG\src\.venv\Lib\site-packages\pymysql\cursors.py", line 322, in _query
    conn.query(q)
  File "D:\TFG\src\.venv\Lib\site-packages\pymysql\connections.py", line 563, in query
    self._affected_rows = self._read_query_result(unbuffered=unbuffered)
                          ^^^^^^^^^^^^^^^^^^^^^^^^^^^^^^^^^^^^^^^^^^^^^^
  File "D:\TFG\src\.venv\Lib\site-packages\pymysql\connections.py", line 825, in _read_query_result
    result.read()
  File "D:\TFG\src\.venv\Lib\site-packages\pymysql\connections.py", line 1199, in read
    first_packet = self.connection._read_packet()
                   ^^^^^^^^^^^^^^^^^^^^^^^^^^^^^^
  File "D:\TFG\src\.venv\Lib\site-packages\pymysql\connections.py", line 775, in _read_packet
    packet.raise_for_error()
  File "D:\TFG\src\.venv\Lib\site-packages\pymysql\protocol.py", line 219, in raise_for_error
    err.raise_mysql_exception(self._data)
  File "D:\TFG\src\.venv\Lib\site-packages\pymysql\err.py", line 150, in raise_mysql_exception
    raise errorclass(errno, errval)
sqlalchemy.exc.OperationalError: (pymysql.err.OperationalError) (1054, "Unknown column 'usuario.must_change_password' in 'field list'")
[SQL: SELECT usuario.id AS usuario_id, usuario.rol_id AS usuario_rol_id, usuario.empresa_id AS usuario_empresa_id, usuario.email AS usuario_email, usuario.password_hash AS usuario_password_hash, usuario.nombre AS usuario_nombre, usuario.apellidos AS usuario_apellidos, usuario.ultimo_login AS usuario_ultimo_login, usuario.activo AS usuario_activo, usuario.must_change_password AS usuario_must_change_password, usuario.creado_en AS usuario_creado_en 
FROM usuario 
WHERE usuario.id = %(pk_1)s]
[parameters: {'pk_1': 4}]
(Background on this error at: https://sqlalche.me/e/20/e3q8)
2026-05-19 22:17:12 [INFO] - 127.0.0.1 - - [19/May/2026 22:17:12] "[35m[1mPOST /auth/login?next=/admin/auditorias HTTP/1.1[0m" 500 -
2026-05-19 22:17:17 [ERROR] - Exception on /auth/login [POST]
Traceback (most recent call last):
  File "D:\TFG\src\.venv\Lib\site-packages\sqlalchemy\engine\base.py", line 1967, in _exec_single_context
    self.dialect.do_execute(
  File "D:\TFG\src\.venv\Lib\site-packages\sqlalchemy\engine\default.py", line 952, in do_execute
    cursor.execute(statement, parameters)
  File "D:\TFG\src\.venv\Lib\site-packages\pymysql\cursors.py", line 153, in execute
    result = self._query(query)
             ^^^^^^^^^^^^^^^^^^
  File "D:\TFG\src\.venv\Lib\site-packages\pymysql\cursors.py", line 322, in _query
    conn.query(q)
  File "D:\TFG\src\.venv\Lib\site-packages\pymysql\connections.py", line 563, in query
    self._affected_rows = self._read_query_result(unbuffered=unbuffered)
                          ^^^^^^^^^^^^^^^^^^^^^^^^^^^^^^^^^^^^^^^^^^^^^^
  File "D:\TFG\src\.venv\Lib\site-packages\pymysql\connections.py", line 825, in _read_query_result
    result.read()
  File "D:\TFG\src\.venv\Lib\site-packages\pymysql\connections.py", line 1199, in read
    first_packet = self.connection._read_packet()
                   ^^^^^^^^^^^^^^^^^^^^^^^^^^^^^^
  File "D:\TFG\src\.venv\Lib\site-packages\pymysql\connections.py", line 775, in _read_packet
    packet.raise_for_error()
  File "D:\TFG\src\.venv\Lib\site-packages\pymysql\protocol.py", line 219, in raise_for_error
    err.raise_mysql_exception(self._data)
  File "D:\TFG\src\.venv\Lib\site-packages\pymysql\err.py", line 150, in raise_mysql_exception
    raise errorclass(errno, errval)
pymysql.err.OperationalError: (1054, "Unknown column 'usuario.must_change_password' in 'field list'")

The above exception was the direct cause of the following exception:

Traceback (most recent call last):
  File "D:\TFG\src\.venv\Lib\site-packages\flask\app.py", line 1473, in wsgi_app
    response = self.full_dispatch_request()
               ^^^^^^^^^^^^^^^^^^^^^^^^^^^^
  File "D:\TFG\src\.venv\Lib\site-packages\flask\app.py", line 882, in full_dispatch_request
    rv = self.handle_user_exception(e)
         ^^^^^^^^^^^^^^^^^^^^^^^^^^^^^
  File "D:\TFG\src\.venv\Lib\site-packages\flask\app.py", line 878, in full_dispatch_request
    rv = self.preprocess_request()
         ^^^^^^^^^^^^^^^^^^^^^^^^^
  File "D:\TFG\src\.venv\Lib\site-packages\flask\app.py", line 1253, in preprocess_request
    rv = self.ensure_sync(before_func)()
         ^^^^^^^^^^^^^^^^^^^^^^^^^^^^^^^
  File "D:\TFG\src\audit_salarial_app\__init__.py", line 77, in force_password_change
    if current_user.is_authenticated and getattr(current_user, 'must_change_password', False):
       ^^^^^^^^^^^^^^^^^^^^^^^^^^^^^
  File "D:\TFG\src\.venv\Lib\site-packages\werkzeug\local.py", line 318, in __get__
    obj = instance._get_current_object()
          ^^^^^^^^^^^^^^^^^^^^^^^^^^^^^^
  File "D:\TFG\src\.venv\Lib\site-packages\werkzeug\local.py", line 526, in _get_current_object
    return get_name(local())
                    ^^^^^^^
  File "D:\TFG\src\.venv\Lib\site-packages\flask_login\utils.py", line 25, in <lambda>
    current_user = LocalProxy(lambda: _get_user())
                                      ^^^^^^^^^^^
  File "D:\TFG\src\.venv\Lib\site-packages\flask_login\utils.py", line 370, in _get_user
    current_app.login_manager._load_user()
  File "D:\TFG\src\.venv\Lib\site-packages\flask_login\login_manager.py", line 364, in _load_user
    user = self._user_callback(user_id)
           ^^^^^^^^^^^^^^^^^^^^^^^^^^^^
  File "D:\TFG\src\audit_salarial_app\models.py", line 59, in load_user
    return db.session.get(Usuario, int(user_id))
           ^^^^^^^^^^^^^^^^^^^^^^^^^^^^^^^^^^^^^
  File "D:\TFG\src\.venv\Lib\site-packages\sqlalchemy\orm\scoping.py", line 1044, in get
    return self._proxied.get(
           ^^^^^^^^^^^^^^^^^^
  File "D:\TFG\src\.venv\Lib\site-packages\sqlalchemy\orm\session.py", line 3680, in get
    return self._get_impl(
           ^^^^^^^^^^^^^^^
  File "D:\TFG\src\.venv\Lib\site-packages\sqlalchemy\orm\session.py", line 3859, in _get_impl
    return db_load_fn(
           ^^^^^^^^^^^
  File "D:\TFG\src\.venv\Lib\site-packages\sqlalchemy\orm\loading.py", line 695, in load_on_pk_identity
    session.execute(
  File "D:\TFG\src\.venv\Lib\site-packages\sqlalchemy\orm\session.py", line 2351, in execute
    return self._execute_internal(
           ^^^^^^^^^^^^^^^^^^^^^^^
  File "D:\TFG\src\.venv\Lib\site-packages\sqlalchemy\orm\session.py", line 2249, in _execute_internal
    result: Result[Any] = compile_state_cls.orm_execute_statement(
                          ^^^^^^^^^^^^^^^^^^^^^^^^^^^^^^^^^^^^^^^^
  File "D:\TFG\src\.venv\Lib\site-packages\sqlalchemy\orm\context.py", line 306, in orm_execute_statement
    result = conn.execute(
             ^^^^^^^^^^^^^
  File "D:\TFG\src\.venv\Lib\site-packages\sqlalchemy\engine\base.py", line 1419, in execute
    return meth(
           ^^^^^
  File "D:\TFG\src\.venv\Lib\site-packages\sqlalchemy\sql\elements.py", line 527, in _execute_on_connection
    return connection._execute_clauseelement(
           ^^^^^^^^^^^^^^^^^^^^^^^^^^^^^^^^^^
  File "D:\TFG\src\.venv\Lib\site-packages\sqlalchemy\engine\base.py", line 1641, in _execute_clauseelement
    ret = self._execute_context(
          ^^^^^^^^^^^^^^^^^^^^^^
  File "D:\TFG\src\.venv\Lib\site-packages\sqlalchemy\engine\base.py", line 1846, in _execute_context
    return self._exec_single_context(
           ^^^^^^^^^^^^^^^^^^^^^^^^^^
  File "D:\TFG\src\.venv\Lib\site-packages\sqlalchemy\engine\base.py", line 1986, in _exec_single_context
    self._handle_dbapi_exception(
  File "D:\TFG\src\.venv\Lib\site-packages\sqlalchemy\engine\base.py", line 2363, in _handle_dbapi_exception
    raise sqlalchemy_exception.with_traceback(exc_info[2]) from e
  File "D:\TFG\src\.venv\Lib\site-packages\sqlalchemy\engine\base.py", line 1967, in _exec_single_context
    self.dialect.do_execute(
  File "D:\TFG\src\.venv\Lib\site-packages\sqlalchemy\engine\default.py", line 952, in do_execute
    cursor.execute(statement, parameters)
  File "D:\TFG\src\.venv\Lib\site-packages\pymysql\cursors.py", line 153, in execute
    result = self._query(query)
             ^^^^^^^^^^^^^^^^^^
  File "D:\TFG\src\.venv\Lib\site-packages\pymysql\cursors.py", line 322, in _query
    conn.query(q)
  File "D:\TFG\src\.venv\Lib\site-packages\pymysql\connections.py", line 563, in query
    self._affected_rows = self._read_query_result(unbuffered=unbuffered)
                          ^^^^^^^^^^^^^^^^^^^^^^^^^^^^^^^^^^^^^^^^^^^^^^
  File "D:\TFG\src\.venv\Lib\site-packages\pymysql\connections.py", line 825, in _read_query_result
    result.read()
  File "D:\TFG\src\.venv\Lib\site-packages\pymysql\connections.py", line 1199, in read
    first_packet = self.connection._read_packet()
                   ^^^^^^^^^^^^^^^^^^^^^^^^^^^^^^
  File "D:\TFG\src\.venv\Lib\site-packages\pymysql\connections.py", line 775, in _read_packet
    packet.raise_for_error()
  File "D:\TFG\src\.venv\Lib\site-packages\pymysql\protocol.py", line 219, in raise_for_error
    err.raise_mysql_exception(self._data)
  File "D:\TFG\src\.venv\Lib\site-packages\pymysql\err.py", line 150, in raise_mysql_exception
    raise errorclass(errno, errval)
sqlalchemy.exc.OperationalError: (pymysql.err.OperationalError) (1054, "Unknown column 'usuario.must_change_password' in 'field list'")
[SQL: SELECT usuario.id AS usuario_id, usuario.rol_id AS usuario_rol_id, usuario.empresa_id AS usuario_empresa_id, usuario.email AS usuario_email, usuario.password_hash AS usuario_password_hash, usuario.nombre AS usuario_nombre, usuario.apellidos AS usuario_apellidos, usuario.ultimo_login AS usuario_ultimo_login, usuario.activo AS usuario_activo, usuario.must_change_password AS usuario_must_change_password, usuario.creado_en AS usuario_creado_en 
FROM usuario 
WHERE usuario.id = %(pk_1)s]
[parameters: {'pk_1': 4}]
(Background on this error at: https://sqlalche.me/e/20/e3q8)
2026-05-19 22:17:17 [INFO] - 127.0.0.1 - - [19/May/2026 22:17:17] "[35m[1mPOST /auth/login?next=/admin/auditorias HTTP/1.1[0m" 500 -
2026-05-19 22:17:49 [ERROR] - Exception on /auth/login [GET]
Traceback (most recent call last):
  File "D:\TFG\src\.venv\Lib\site-packages\sqlalchemy\engine\base.py", line 1967, in _exec_single_context
    self.dialect.do_execute(
  File "D:\TFG\src\.venv\Lib\site-packages\sqlalchemy\engine\default.py", line 952, in do_execute
    cursor.execute(statement, parameters)
  File "D:\TFG\src\.venv\Lib\site-packages\pymysql\cursors.py", line 153, in execute
    result = self._query(query)
             ^^^^^^^^^^^^^^^^^^
  File "D:\TFG\src\.venv\Lib\site-packages\pymysql\cursors.py", line 322, in _query
    conn.query(q)
  File "D:\TFG\src\.venv\Lib\site-packages\pymysql\connections.py", line 563, in query
    self._affected_rows = self._read_query_result(unbuffered=unbuffered)
                          ^^^^^^^^^^^^^^^^^^^^^^^^^^^^^^^^^^^^^^^^^^^^^^
  File "D:\TFG\src\.venv\Lib\site-packages\pymysql\connections.py", line 825, in _read_query_result
    result.read()
  File "D:\TFG\src\.venv\Lib\site-packages\pymysql\connections.py", line 1199, in read
    first_packet = self.connection._read_packet()
                   ^^^^^^^^^^^^^^^^^^^^^^^^^^^^^^
  File "D:\TFG\src\.venv\Lib\site-packages\pymysql\connections.py", line 775, in _read_packet
    packet.raise_for_error()
  File "D:\TFG\src\.venv\Lib\site-packages\pymysql\protocol.py", line 219, in raise_for_error
    err.raise_mysql_exception(self._data)
  File "D:\TFG\src\.venv\Lib\site-packages\pymysql\err.py", line 150, in raise_mysql_exception
    raise errorclass(errno, errval)
pymysql.err.OperationalError: (1054, "Unknown column 'usuario.must_change_password' in 'field list'")

The above exception was the direct cause of the following exception:

Traceback (most recent call last):
  File "D:\TFG\src\.venv\Lib\site-packages\flask\app.py", line 1473, in wsgi_app
    response = self.full_dispatch_request()
               ^^^^^^^^^^^^^^^^^^^^^^^^^^^^
  File "D:\TFG\src\.venv\Lib\site-packages\flask\app.py", line 882, in full_dispatch_request
    rv = self.handle_user_exception(e)
         ^^^^^^^^^^^^^^^^^^^^^^^^^^^^^
  File "D:\TFG\src\.venv\Lib\site-packages\flask\app.py", line 878, in full_dispatch_request
    rv = self.preprocess_request()
         ^^^^^^^^^^^^^^^^^^^^^^^^^
  File "D:\TFG\src\.venv\Lib\site-packages\flask\app.py", line 1253, in preprocess_request
    rv = self.ensure_sync(before_func)()
         ^^^^^^^^^^^^^^^^^^^^^^^^^^^^^^^
  File "D:\TFG\src\audit_salarial_app\__init__.py", line 77, in force_password_change
    if current_user.is_authenticated and getattr(current_user, 'must_change_password', False):
       ^^^^^^^^^^^^^^^^^^^^^^^^^^^^^
  File "D:\TFG\src\.venv\Lib\site-packages\werkzeug\local.py", line 318, in __get__
    obj = instance._get_current_object()
          ^^^^^^^^^^^^^^^^^^^^^^^^^^^^^^
  File "D:\TFG\src\.venv\Lib\site-packages\werkzeug\local.py", line 526, in _get_current_object
    return get_name(local())
                    ^^^^^^^
  File "D:\TFG\src\.venv\Lib\site-packages\flask_login\utils.py", line 25, in <lambda>
    current_user = LocalProxy(lambda: _get_user())
                                      ^^^^^^^^^^^
  File "D:\TFG\src\.venv\Lib\site-packages\flask_login\utils.py", line 370, in _get_user
    current_app.login_manager._load_user()
  File "D:\TFG\src\.venv\Lib\site-packages\flask_login\login_manager.py", line 364, in _load_user
    user = self._user_callback(user_id)
           ^^^^^^^^^^^^^^^^^^^^^^^^^^^^
  File "D:\TFG\src\audit_salarial_app\models.py", line 59, in load_user
    return db.session.get(Usuario, int(user_id))
           ^^^^^^^^^^^^^^^^^^^^^^^^^^^^^^^^^^^^^
  File "D:\TFG\src\.venv\Lib\site-packages\sqlalchemy\orm\scoping.py", line 1044, in get
    return self._proxied.get(
           ^^^^^^^^^^^^^^^^^^
  File "D:\TFG\src\.venv\Lib\site-packages\sqlalchemy\orm\session.py", line 3680, in get
    return self._get_impl(
           ^^^^^^^^^^^^^^^
  File "D:\TFG\src\.venv\Lib\site-packages\sqlalchemy\orm\session.py", line 3859, in _get_impl
    return db_load_fn(
           ^^^^^^^^^^^
  File "D:\TFG\src\.venv\Lib\site-packages\sqlalchemy\orm\loading.py", line 695, in load_on_pk_identity
    session.execute(
  File "D:\TFG\src\.venv\Lib\site-packages\sqlalchemy\orm\session.py", line 2351, in execute
    return self._execute_internal(
           ^^^^^^^^^^^^^^^^^^^^^^^
  File "D:\TFG\src\.venv\Lib\site-packages\sqlalchemy\orm\session.py", line 2249, in _execute_internal
    result: Result[Any] = compile_state_cls.orm_execute_statement(
                          ^^^^^^^^^^^^^^^^^^^^^^^^^^^^^^^^^^^^^^^^
  File "D:\TFG\src\.venv\Lib\site-packages\sqlalchemy\orm\context.py", line 306, in orm_execute_statement
    result = conn.execute(
             ^^^^^^^^^^^^^
  File "D:\TFG\src\.venv\Lib\site-packages\sqlalchemy\engine\base.py", line 1419, in execute
    return meth(
           ^^^^^
  File "D:\TFG\src\.venv\Lib\site-packages\sqlalchemy\sql\elements.py", line 527, in _execute_on_connection
    return connection._execute_clauseelement(
           ^^^^^^^^^^^^^^^^^^^^^^^^^^^^^^^^^^
  File "D:\TFG\src\.venv\Lib\site-packages\sqlalchemy\engine\base.py", line 1641, in _execute_clauseelement
    ret = self._execute_context(
          ^^^^^^^^^^^^^^^^^^^^^^
  File "D:\TFG\src\.venv\Lib\site-packages\sqlalchemy\engine\base.py", line 1846, in _execute_context
    return self._exec_single_context(
           ^^^^^^^^^^^^^^^^^^^^^^^^^^
  File "D:\TFG\src\.venv\Lib\site-packages\sqlalchemy\engine\base.py", line 1986, in _exec_single_context
    self._handle_dbapi_exception(
  File "D:\TFG\src\.venv\Lib\site-packages\sqlalchemy\engine\base.py", line 2363, in _handle_dbapi_exception
    raise sqlalchemy_exception.with_traceback(exc_info[2]) from e
  File "D:\TFG\src\.venv\Lib\site-packages\sqlalchemy\engine\base.py", line 1967, in _exec_single_context
    self.dialect.do_execute(
  File "D:\TFG\src\.venv\Lib\site-packages\sqlalchemy\engine\default.py", line 952, in do_execute
    cursor.execute(statement, parameters)
  File "D:\TFG\src\.venv\Lib\site-packages\pymysql\cursors.py", line 153, in execute
    result = self._query(query)
             ^^^^^^^^^^^^^^^^^^
  File "D:\TFG\src\.venv\Lib\site-packages\pymysql\cursors.py", line 322, in _query
    conn.query(q)
  File "D:\TFG\src\.venv\Lib\site-packages\pymysql\connections.py", line 563, in query
    self._affected_rows = self._read_query_result(unbuffered=unbuffered)
                          ^^^^^^^^^^^^^^^^^^^^^^^^^^^^^^^^^^^^^^^^^^^^^^
  File "D:\TFG\src\.venv\Lib\site-packages\pymysql\connections.py", line 825, in _read_query_result
    result.read()
  File "D:\TFG\src\.venv\Lib\site-packages\pymysql\connections.py", line 1199, in read
    first_packet = self.connection._read_packet()
                   ^^^^^^^^^^^^^^^^^^^^^^^^^^^^^^
  File "D:\TFG\src\.venv\Lib\site-packages\pymysql\connections.py", line 775, in _read_packet
    packet.raise_for_error()
  File "D:\TFG\src\.venv\Lib\site-packages\pymysql\protocol.py", line 219, in raise_for_error
    err.raise_mysql_exception(self._data)
  File "D:\TFG\src\.venv\Lib\site-packages\pymysql\err.py", line 150, in raise_mysql_exception
    raise errorclass(errno, errval)
sqlalchemy.exc.OperationalError: (pymysql.err.OperationalError) (1054, "Unknown column 'usuario.must_change_password' in 'field list'")
[SQL: SELECT usuario.id AS usuario_id, usuario.rol_id AS usuario_rol_id, usuario.empresa_id AS usuario_empresa_id, usuario.email AS usuario_email, usuario.password_hash AS usuario_password_hash, usuario.nombre AS usuario_nombre, usuario.apellidos AS usuario_apellidos, usuario.ultimo_login AS usuario_ultimo_login, usuario.activo AS usuario_activo, usuario.must_change_password AS usuario_must_change_password, usuario.creado_en AS usuario_creado_en 
FROM usuario 
WHERE usuario.id = %(pk_1)s]
[parameters: {'pk_1': 4}]
(Background on this error at: https://sqlalche.me/e/20/e3q8)
2026-05-19 22:17:49 [INFO] - 127.0.0.1 - - [19/May/2026 22:17:49] "[35m[1mGET /auth/login?next=/admin/auditorias HTTP/1.1[0m" 500 -
2026-05-19 22:17:55 [ERROR] - Exception on /admin/ [GET]
Traceback (most recent call last):
  File "D:\TFG\src\.venv\Lib\site-packages\sqlalchemy\engine\base.py", line 1967, in _exec_single_context
    self.dialect.do_execute(
  File "D:\TFG\src\.venv\Lib\site-packages\sqlalchemy\engine\default.py", line 952, in do_execute
    cursor.execute(statement, parameters)
  File "D:\TFG\src\.venv\Lib\site-packages\pymysql\cursors.py", line 153, in execute
    result = self._query(query)
             ^^^^^^^^^^^^^^^^^^
  File "D:\TFG\src\.venv\Lib\site-packages\pymysql\cursors.py", line 322, in _query
    conn.query(q)
  File "D:\TFG\src\.venv\Lib\site-packages\pymysql\connections.py", line 563, in query
    self._affected_rows = self._read_query_result(unbuffered=unbuffered)
                          ^^^^^^^^^^^^^^^^^^^^^^^^^^^^^^^^^^^^^^^^^^^^^^
  File "D:\TFG\src\.venv\Lib\site-packages\pymysql\connections.py", line 825, in _read_query_result
    result.read()
  File "D:\TFG\src\.venv\Lib\site-packages\pymysql\connections.py", line 1199, in read
    first_packet = self.connection._read_packet()
                   ^^^^^^^^^^^^^^^^^^^^^^^^^^^^^^
  File "D:\TFG\src\.venv\Lib\site-packages\pymysql\connections.py", line 775, in _read_packet
    packet.raise_for_error()
  File "D:\TFG\src\.venv\Lib\site-packages\pymysql\protocol.py", line 219, in raise_for_error
    err.raise_mysql_exception(self._data)
  File "D:\TFG\src\.venv\Lib\site-packages\pymysql\err.py", line 150, in raise_mysql_exception
    raise errorclass(errno, errval)
pymysql.err.OperationalError: (1054, "Unknown column 'usuario.must_change_password' in 'field list'")

The above exception was the direct cause of the following exception:

Traceback (most recent call last):
  File "D:\TFG\src\.venv\Lib\site-packages\flask\app.py", line 1473, in wsgi_app
    response = self.full_dispatch_request()
               ^^^^^^^^^^^^^^^^^^^^^^^^^^^^
  File "D:\TFG\src\.venv\Lib\site-packages\flask\app.py", line 882, in full_dispatch_request
    rv = self.handle_user_exception(e)
         ^^^^^^^^^^^^^^^^^^^^^^^^^^^^^
  File "D:\TFG\src\.venv\Lib\site-packages\flask\app.py", line 878, in full_dispatch_request
    rv = self.preprocess_request()
         ^^^^^^^^^^^^^^^^^^^^^^^^^
  File "D:\TFG\src\.venv\Lib\site-packages\flask\app.py", line 1253, in preprocess_request
    rv = self.ensure_sync(before_func)()
         ^^^^^^^^^^^^^^^^^^^^^^^^^^^^^^^
  File "D:\TFG\src\audit_salarial_app\__init__.py", line 77, in force_password_change
    if current_user.is_authenticated and getattr(current_user, 'must_change_password', False):
       ^^^^^^^^^^^^^^^^^^^^^^^^^^^^^
  File "D:\TFG\src\.venv\Lib\site-packages\werkzeug\local.py", line 318, in __get__
    obj = instance._get_current_object()
          ^^^^^^^^^^^^^^^^^^^^^^^^^^^^^^
  File "D:\TFG\src\.venv\Lib\site-packages\werkzeug\local.py", line 526, in _get_current_object
    return get_name(local())
                    ^^^^^^^
  File "D:\TFG\src\.venv\Lib\site-packages\flask_login\utils.py", line 25, in <lambda>
    current_user = LocalProxy(lambda: _get_user())
                                      ^^^^^^^^^^^
  File "D:\TFG\src\.venv\Lib\site-packages\flask_login\utils.py", line 370, in _get_user
    current_app.login_manager._load_user()
  File "D:\TFG\src\.venv\Lib\site-packages\flask_login\login_manager.py", line 364, in _load_user
    user = self._user_callback(user_id)
           ^^^^^^^^^^^^^^^^^^^^^^^^^^^^
  File "D:\TFG\src\audit_salarial_app\models.py", line 59, in load_user
    return db.session.get(Usuario, int(user_id))
           ^^^^^^^^^^^^^^^^^^^^^^^^^^^^^^^^^^^^^
  File "D:\TFG\src\.venv\Lib\site-packages\sqlalchemy\orm\scoping.py", line 1044, in get
    return self._proxied.get(
           ^^^^^^^^^^^^^^^^^^
  File "D:\TFG\src\.venv\Lib\site-packages\sqlalchemy\orm\session.py", line 3680, in get
    return self._get_impl(
           ^^^^^^^^^^^^^^^
  File "D:\TFG\src\.venv\Lib\site-packages\sqlalchemy\orm\session.py", line 3859, in _get_impl
    return db_load_fn(
           ^^^^^^^^^^^
  File "D:\TFG\src\.venv\Lib\site-packages\sqlalchemy\orm\loading.py", line 695, in load_on_pk_identity
    session.execute(
  File "D:\TFG\src\.venv\Lib\site-packages\sqlalchemy\orm\session.py", line 2351, in execute
    return self._execute_internal(
           ^^^^^^^^^^^^^^^^^^^^^^^
  File "D:\TFG\src\.venv\Lib\site-packages\sqlalchemy\orm\session.py", line 2249, in _execute_internal
    result: Result[Any] = compile_state_cls.orm_execute_statement(
                          ^^^^^^^^^^^^^^^^^^^^^^^^^^^^^^^^^^^^^^^^
  File "D:\TFG\src\.venv\Lib\site-packages\sqlalchemy\orm\context.py", line 306, in orm_execute_statement
    result = conn.execute(
             ^^^^^^^^^^^^^
  File "D:\TFG\src\.venv\Lib\site-packages\sqlalchemy\engine\base.py", line 1419, in execute
    return meth(
           ^^^^^
  File "D:\TFG\src\.venv\Lib\site-packages\sqlalchemy\sql\elements.py", line 527, in _execute_on_connection
    return connection._execute_clauseelement(
           ^^^^^^^^^^^^^^^^^^^^^^^^^^^^^^^^^^
  File "D:\TFG\src\.venv\Lib\site-packages\sqlalchemy\engine\base.py", line 1641, in _execute_clauseelement
    ret = self._execute_context(
          ^^^^^^^^^^^^^^^^^^^^^^
  File "D:\TFG\src\.venv\Lib\site-packages\sqlalchemy\engine\base.py", line 1846, in _execute_context
    return self._exec_single_context(
           ^^^^^^^^^^^^^^^^^^^^^^^^^^
  File "D:\TFG\src\.venv\Lib\site-packages\sqlalchemy\engine\base.py", line 1986, in _exec_single_context
    self._handle_dbapi_exception(
  File "D:\TFG\src\.venv\Lib\site-packages\sqlalchemy\engine\base.py", line 2363, in _handle_dbapi_exception
    raise sqlalchemy_exception.with_traceback(exc_info[2]) from e
  File "D:\TFG\src\.venv\Lib\site-packages\sqlalchemy\engine\base.py", line 1967, in _exec_single_context
    self.dialect.do_execute(
  File "D:\TFG\src\.venv\Lib\site-packages\sqlalchemy\engine\default.py", line 952, in do_execute
    cursor.execute(statement, parameters)
  File "D:\TFG\src\.venv\Lib\site-packages\pymysql\cursors.py", line 153, in execute
    result = self._query(query)
             ^^^^^^^^^^^^^^^^^^
  File "D:\TFG\src\.venv\Lib\site-packages\pymysql\cursors.py", line 322, in _query
    conn.query(q)
  File "D:\TFG\src\.venv\Lib\site-packages\pymysql\connections.py", line 563, in query
    self._affected_rows = self._read_query_result(unbuffered=unbuffered)
                          ^^^^^^^^^^^^^^^^^^^^^^^^^^^^^^^^^^^^^^^^^^^^^^
  File "D:\TFG\src\.venv\Lib\site-packages\pymysql\connections.py", line 825, in _read_query_result
    result.read()
  File "D:\TFG\src\.venv\Lib\site-packages\pymysql\connections.py", line 1199, in read
    first_packet = self.connection._read_packet()
                   ^^^^^^^^^^^^^^^^^^^^^^^^^^^^^^
  File "D:\TFG\src\.venv\Lib\site-packages\pymysql\connections.py", line 775, in _read_packet
    packet.raise_for_error()
  File "D:\TFG\src\.venv\Lib\site-packages\pymysql\protocol.py", line 219, in raise_for_error
    err.raise_mysql_exception(self._data)
  File "D:\TFG\src\.venv\Lib\site-packages\pymysql\err.py", line 150, in raise_mysql_exception
    raise errorclass(errno, errval)
sqlalchemy.exc.OperationalError: (pymysql.err.OperationalError) (1054, "Unknown column 'usuario.must_change_password' in 'field list'")
[SQL: SELECT usuario.id AS usuario_id, usuario.rol_id AS usuario_rol_id, usuario.empresa_id AS usuario_empresa_id, usuario.email AS usuario_email, usuario.password_hash AS usuario_password_hash, usuario.nombre AS usuario_nombre, usuario.apellidos AS usuario_apellidos, usuario.ultimo_login AS usuario_ultimo_login, usuario.activo AS usuario_activo, usuario.must_change_password AS usuario_must_change_password, usuario.creado_en AS usuario_creado_en 
FROM usuario 
WHERE usuario.id = %(pk_1)s]
[parameters: {'pk_1': 4}]
(Background on this error at: https://sqlalche.me/e/20/e3q8)
2026-05-19 22:17:55 [INFO] - 127.0.0.1 - - [19/May/2026 22:17:55] "[35m[1mGET /admin/ HTTP/1.1[0m" 500 -
2026-05-19 22:22:54 [INFO] - Login exitoso para el usuario: admin@example.com (ID: 1) desde IP: 127.0.0.1
2026-05-19 22:22:54 [WARNING] - Usuario 2 (client@example.com) ha sido desactivado por el ADMIN 1 (admin@example.com)
2026-05-19 22:22:54 [INFO] - Usuario 2 (client@example.com) ha sido activado por el ADMIN 1 (admin@example.com)
2026-05-19 22:22:54 [WARNING] - Usuario 2 (client@example.com) ha sido desactivado por el ADMIN 1 (admin@example.com)
2026-05-19 22:22:54 [INFO] - Usuario 2 (client@example.com) ha sido eliminado permanentemente por el ADMIN 1 (admin@example.com)
2026-05-19 22:22:55 [INFO] - Login exitoso para el usuario: admin@example.com (ID: 1) desde IP: 127.0.0.1
2026-05-19 22:22:55 [INFO] - Login exitoso para el usuario: admin@example.com (ID: 1) desde IP: 127.0.0.1
2026-05-19 22:22:55 [INFO] - Login exitoso para el usuario: auditor@example.com (ID: 2) desde IP: 127.0.0.1
2026-05-19 22:22:55 [INFO] - Login exitoso para el usuario: auditor@example.com (ID: 2) desde IP: 127.0.0.1
2026-05-19 22:22:55 [INFO] - Login exitoso para el usuario: auditor@example.com (ID: 2) desde IP: 127.0.0.1
2026-05-19 22:22:55 [INFO] - Login exitoso para el usuario: admin@example.com (ID: 1) desde IP: 127.0.0.1
2026-05-19 22:22:55 [INFO] - Login exitoso para el usuario: admin@example.com (ID: 1) desde IP: 127.0.0.1
2026-05-19 22:22:55 [INFO] - Login exitoso para el usuario: admin@example.com (ID: 1) desde IP: 127.0.0.1
2026-05-19 22:22:56 [WARNING] - Intento de login bloqueado (usuario inactivo) para: test@example.com desde IP: 127.0.0.1
2026-05-19 22:22:56 [WARNING] - Intento de login bloqueado (usuario inactivo) para: test@example.com desde IP: 127.0.0.1
2026-05-19 22:22:56 [WARNING] - Intento de login bloqueado (usuario inactivo) para: test@example.com desde IP: 127.0.0.1
2026-05-19 22:22:56 [WARNING] - Intento de login bloqueado (usuario inactivo) para: test@example.com desde IP: 127.0.0.1
2026-05-19 22:22:56 [WARNING] - Intento de login bloqueado (usuario inactivo) para: test@example.com desde IP: 127.0.0.1
2026-05-19 22:22:56 [INFO] - Login exitoso para el usuario: test@example.com (ID: 1) desde IP: 127.0.0.1
2026-05-19 22:22:56 [INFO] - Login exitoso para el usuario: test@example.com (ID: 1) desde IP: 127.0.0.1
2026-05-19 22:22:56 [INFO] - Login exitoso para el usuario: test@example.com (ID: 1) desde IP: 127.0.0.1
2026-05-19 22:22:56 [INFO] - Login exitoso para el usuario: test@example.com (ID: 1) desde IP: 127.0.0.1
2026-05-19 22:22:56 [INFO] - Login exitoso para el usuario: test@example.com (ID: 1) desde IP: 127.0.0.1
2026-05-19 22:22:56 [INFO] - Login exitoso para el usuario: test@example.com (ID: 1) desde IP: 127.0.0.1
2026-05-19 22:23:25 [INFO] - [31m[1mWARNING: This is a development server. Do not use it in a production deployment. Use a production WSGI server instead.[0m
 * Running on http://127.0.0.1:5000
2026-05-19 22:23:25 [INFO] - [33mPress CTRL+C to quit[0m
2026-05-19 22:23:29 [INFO] - 127.0.0.1 - - [19/May/2026 22:23:29] "[32mGET /admin/ HTTP/1.1[0m" 302 -
2026-05-19 22:23:29 [INFO] - 127.0.0.1 - - [19/May/2026 22:23:29] "GET /auth/login?next=/admin/ HTTP/1.1" 200 -
2026-05-19 22:23:29 [INFO] - 127.0.0.1 - - [19/May/2026 22:23:29] "[32mGET /admin/empresas HTTP/1.1[0m" 302 -
2026-05-19 22:23:29 [INFO] - 127.0.0.1 - - [19/May/2026 22:23:29] "GET /auth/login?next=/admin/empresas HTTP/1.1" 200 -
2026-05-19 22:24:13 [INFO] - Login exitoso para el usuario: admin@admin.com (ID: 1) desde IP: 127.0.0.1
2026-05-19 22:24:13 [INFO] - 127.0.0.1 - - [19/May/2026 22:24:13] "[32mPOST /auth/login?next=/admin/empresas HTTP/1.1[0m" 302 -
2026-05-19 22:24:13 [INFO] - 127.0.0.1 - - [19/May/2026 22:24:13] "GET /admin/ HTTP/1.1" 200 -
2026-05-19 22:24:15 [INFO] - 127.0.0.1 - - [19/May/2026 22:24:15] "GET /admin/ HTTP/1.1" 200 -
2026-05-19 22:24:17 [INFO] - 127.0.0.1 - - [19/May/2026 22:24:17] "GET /admin/empresas HTTP/1.1" 200 -
2026-05-19 22:24:17 [INFO] - 127.0.0.1 - - [19/May/2026 22:24:17] "GET /admin/auditorias HTTP/1.1" 200 -
2026-05-19 22:24:20 [INFO] - 127.0.0.1 - - [19/May/2026 22:24:20] "GET /admin/empresas HTTP/1.1" 200 -
2026-05-19 22:24:21 [INFO] - 127.0.0.1 - - [19/May/2026 22:24:21] "GET /admin/empresas/nueva HTTP/1.1" 200 -
2026-05-19 22:24:39 [INFO] - 127.0.0.1 - - [19/May/2026 22:24:39] "[32mPOST /admin/empresas/nueva HTTP/1.1[0m" 302 -
2026-05-19 22:24:39 [INFO] - 127.0.0.1 - - [19/May/2026 22:24:39] "GET /admin/empresas HTTP/1.1" 200 -
2026-05-19 22:24:43 [INFO] - 127.0.0.1 - - [19/May/2026 22:24:43] "GET /admin/auditorias HTTP/1.1" 200 -
2026-05-19 22:24:44 [INFO] - 127.0.0.1 - - [19/May/2026 22:24:44] "GET /admin/auditorias/nueva HTTP/1.1" 200 -
2026-05-19 22:24:52 [ERROR] - Error generando alerta: (pymysql.err.DataError) (1265, "Data truncated for column 'tipo' at row 1")
[SQL: INSERT INTO alerta (auditoria_id, empresa_id, usuario_id, tipo, severidad, canal, asunto, mensaje, leida, enviada, enviada_en, creada_en) VALUES (%(auditoria_id)s, %(empresa_id)s, %(usuario_id)s, %(tipo)s, %(severidad)s, %(canal)s, %(asunto)s, %(mensaje)s, %(leida)s, %(enviada)s, %(enviada_en)s, %(creada_en)s)]
[parameters: {'auditoria_id': 1, 'empresa_id': 1, 'usuario_id': 1, 'tipo': 'BRECHA_CRITICA', 'severidad': 'CRÍTICA', 'canal': 'AMBOS', 'asunto': '¡Riesgo Crítico! Brecha > 25% detectada en Auditoría #1', 'mensaje': 'Se ha calculado una brecha media global del 22.79%. Por ley (art. 28 ET) debe ser justificada objetivamente. Revise las recomendaciones.', 'leida': 0, 'enviada': 0, 'enviada_en': None, 'creada_en': datetime.datetime(2026, 5, 19, 20, 24, 52, 526622)}]
(Background on this error at: https://sqlalche.me/e/20/9h9h)
2026-05-19 22:24:53 [INFO] - 127.0.0.1 - - [19/May/2026 22:24:53] "[32mPOST /admin/auditorias/nueva HTTP/1.1[0m" 302 -
2026-05-19 22:24:53 [INFO] - 127.0.0.1 - - [19/May/2026 22:24:53] "GET /admin/auditorias HTTP/1.1" 200 -
2026-05-19 22:25:00 [INFO] - 127.0.0.1 - - [19/May/2026 22:25:00] "GET /admin/auditorias/1/resultados HTTP/1.1" 200 -
2026-05-19 22:25:07 [INFO] - 127.0.0.1 - - [19/May/2026 22:25:07] "GET /admin/auditorias/1/chat/vista HTTP/1.1" 200 -
2026-05-19 22:25:07 [INFO] - 127.0.0.1 - - [19/May/2026 22:25:07] "GET /admin/auditorias/1/chat?after=0 HTTP/1.1" 200 -
2026-05-19 22:25:10 [INFO] - 127.0.0.1 - - [19/May/2026 22:25:10] "GET /admin/auditorias/1/resultados HTTP/1.1" 200 -
2026-05-19 22:25:12 [INFO] - 127.0.0.1 - - [19/May/2026 22:25:12] "GET /admin/auditorias/1/vpt HTTP/1.1" 200 -
2026-05-19 22:25:48 [INFO] - 127.0.0.1 - - [19/May/2026 22:25:48] "GET /admin/auditorias/1/plan HTTP/1.1" 200 -
2026-05-19 22:26:30 [INFO] - 127.0.0.1 - - [19/May/2026 22:26:30] "GET /admin/auditorias/1/documentos HTTP/1.1" 200 -
2026-05-19 22:26:33 [INFO] - 127.0.0.1 - - [19/May/2026 22:26:33] "GET /admin/auditorias/1/resultados HTTP/1.1" 200 -
2026-05-19 22:26:34 [INFO] - 127.0.0.1 - - [19/May/2026 22:26:34] "GET /admin/auditorias/1/historico HTTP/1.1" 200 -
2026-05-19 22:26:40 [INFO] - 127.0.0.1 - - [19/May/2026 22:26:40] "GET /admin/auditorias/1/chat/vista HTTP/1.1" 200 -
2026-05-19 22:26:40 [INFO] - 127.0.0.1 - - [19/May/2026 22:26:40] "GET /admin/auditorias/1/chat?after=0 HTTP/1.1" 200 -
2026-05-19 22:26:44 [INFO] - [CHAT] Mensaje #1 de usuario 1 en auditoría #1
2026-05-19 22:26:44 [INFO] - 127.0.0.1 - - [19/May/2026 22:26:44] "[35m[1mPOST /admin/auditorias/1/chat HTTP/1.1[0m" 201 -
2026-05-19 22:26:45 [INFO] - 127.0.0.1 - - [19/May/2026 22:26:45] "GET /admin/auditorias/1/chat?after=1 HTTP/1.1" 200 -
2026-05-19 22:26:47 [INFO] - 127.0.0.1 - - [19/May/2026 22:26:47] "GET /admin/auditorias/1/resultados HTTP/1.1" 200 -
2026-05-19 22:26:49 [INFO] - 127.0.0.1 - - [19/May/2026 22:26:49] "GET /admin/empresas HTTP/1.1" 200 -
2026-05-19 22:26:50 [INFO] - 127.0.0.1 - - [19/May/2026 22:26:50] "GET /admin/auditorias HTTP/1.1" 200 -
2026-05-19 22:26:51 [INFO] - 127.0.0.1 - - [19/May/2026 22:26:51] "GET /admin/calendario HTTP/1.1" 200 -
2026-05-19 22:26:51 [INFO] - 127.0.0.1 - - [19/May/2026 22:26:51] "GET /admin/api/eventos?start=2026-04-26T00:00:00+02:00&end=2026-06-07T00:00:00+02:00 HTTP/1.1" 200 -
2026-05-19 22:26:51 [INFO] - 127.0.0.1 - - [19/May/2026 22:26:51] "GET /admin/users HTTP/1.1" 200 -
2026-05-19 22:26:55 [INFO] - 127.0.0.1 - - [19/May/2026 22:26:55] "GET /admin/users HTTP/1.1" 200 -
2026-05-19 22:26:55 [INFO] - 127.0.0.1 - - [19/May/2026 22:26:55] "GET /admin/auditorias HTTP/1.1" 200 -
2026-05-19 22:26:56 [INFO] - 127.0.0.1 - - [19/May/2026 22:26:56] "GET /admin/empresas HTTP/1.1" 200 -
2026-05-19 22:26:57 [INFO] - 127.0.0.1 - - [19/May/2026 22:26:57] "GET /admin/ HTTP/1.1" 200 -
2026-05-19 22:27:06 [INFO] - 127.0.0.1 - - [19/May/2026 22:27:06] "[32mGET /auth/logout HTTP/1.1[0m" 302 -
2026-05-19 22:27:06 [INFO] - 127.0.0.1 - - [19/May/2026 22:27:06] "GET /auth/login HTTP/1.1" 200 -
2026-05-19 22:27:16 [INFO] - Login exitoso para el usuario: auditor@demo.com (ID: 2) desde IP: 127.0.0.1
2026-05-19 22:27:16 [INFO] - 127.0.0.1 - - [19/May/2026 22:27:16] "[32mPOST /auth/login HTTP/1.1[0m" 302 -
2026-05-19 22:27:16 [INFO] - 127.0.0.1 - - [19/May/2026 22:27:16] "GET /admin/ HTTP/1.1" 200 -
2026-05-19 22:27:19 [INFO] - 127.0.0.1 - - [19/May/2026 22:27:19] "GET /admin/empresas HTTP/1.1" 200 -
2026-05-19 22:27:20 [INFO] - 127.0.0.1 - - [19/May/2026 22:27:20] "GET /admin/auditorias HTTP/1.1" 200 -
2026-05-19 22:27:22 [INFO] - 127.0.0.1 - - [19/May/2026 22:27:22] "GET /admin/empresas HTTP/1.1" 200 -
2026-05-19 22:27:24 [INFO] - 127.0.0.1 - - [19/May/2026 22:27:24] "GET /admin/ HTTP/1.1" 200 -
2026-05-19 22:27:26 [INFO] - 127.0.0.1 - - [19/May/2026 22:27:26] "[32mGET /auth/logout HTTP/1.1[0m" 302 -
2026-05-19 22:27:26 [INFO] - 127.0.0.1 - - [19/May/2026 22:27:26] "GET /auth/login HTTP/1.1" 200 -
2026-05-19 22:27:32 [INFO] - Login exitoso para el usuario: admin@admin.com (ID: 1) desde IP: 127.0.0.1
2026-05-19 22:27:32 [INFO] - 127.0.0.1 - - [19/May/2026 22:27:32] "[32mPOST /auth/login HTTP/1.1[0m" 302 -
2026-05-19 22:27:32 [INFO] - 127.0.0.1 - - [19/May/2026 22:27:32] "GET /admin/ HTTP/1.1" 200 -
2026-05-19 22:27:34 [INFO] - 127.0.0.1 - - [19/May/2026 22:27:34] "GET /admin/empresas/ver/1 HTTP/1.1" 200 -
2026-05-19 22:27:35 [INFO] - 127.0.0.1 - - [19/May/2026 22:27:35] "GET /admin/empresas/editar/1 HTTP/1.1" 200 -
2026-05-19 22:27:36 [INFO] - 127.0.0.1 - - [19/May/2026 22:27:36] "GET /admin/empresas HTTP/1.1" 200 -
2026-05-19 22:27:39 [INFO] - 127.0.0.1 - - [19/May/2026 22:27:39] "GET /admin/users HTTP/1.1" 200 -
2026-05-19 22:27:43 [INFO] - 127.0.0.1 - - [19/May/2026 22:27:43] "GET /admin/users/editar/2 HTTP/1.1" 200 -
2026-05-19 22:27:45 [INFO] - 127.0.0.1 - - [19/May/2026 22:27:45] "[32mPOST /admin/users/editar/2 HTTP/1.1[0m" 302 -
2026-05-19 22:27:45 [INFO] - 127.0.0.1 - - [19/May/2026 22:27:45] "GET /admin/users HTTP/1.1" 200 -
2026-05-19 22:27:47 [INFO] - 127.0.0.1 - - [19/May/2026 22:27:47] "[32mGET /auth/logout HTTP/1.1[0m" 302 -
2026-05-19 22:27:47 [INFO] - 127.0.0.1 - - [19/May/2026 22:27:47] "GET /auth/login HTTP/1.1" 200 -
2026-05-19 22:27:56 [INFO] - ratelimit 5 per 1 minute (127.0.0.1) exceeded at endpoint: auth.login
2026-05-19 22:27:56 [INFO] - 127.0.0.1 - - [19/May/2026 22:27:56] "[31m[1mPOST /auth/login HTTP/1.1[0m" 429 -
2026-05-19 22:29:41 [INFO] - Login exitoso para el usuario: auditor@demo.com (ID: 2) desde IP: 127.0.0.1
2026-05-19 22:29:41 [INFO] - 127.0.0.1 - - [19/May/2026 22:29:41] "[32mPOST /auth/login HTTP/1.1[0m" 302 -
2026-05-19 22:29:41 [INFO] - 127.0.0.1 - - [19/May/2026 22:29:41] "GET /admin/ HTTP/1.1" 200 -
2026-05-19 22:29:43 [INFO] - 127.0.0.1 - - [19/May/2026 22:29:43] "GET /admin/auditorias HTTP/1.1" 200 -
2026-05-19 22:29:44 [INFO] - 127.0.0.1 - - [19/May/2026 22:29:44] "GET /admin/empresas HTTP/1.1" 200 -
2026-05-19 22:29:45 [INFO] - 127.0.0.1 - - [19/May/2026 22:29:45] "GET /admin/ HTTP/1.1" 200 -
2026-05-19 22:29:47 [INFO] - 127.0.0.1 - - [19/May/2026 22:29:47] "GET /admin/empresas HTTP/1.1" 200 -
2026-05-19 22:29:49 [INFO] - 127.0.0.1 - - [19/May/2026 22:29:49] "GET /admin/auditorias HTTP/1.1" 200 -
2026-05-19 22:30:18 [INFO] - 127.0.0.1 - - [19/May/2026 22:30:18] "[32mGET /auth/logout HTTP/1.1[0m" 302 -
2026-05-19 22:30:18 [INFO] - 127.0.0.1 - - [19/May/2026 22:30:18] "GET /auth/login HTTP/1.1" 200 -
2026-05-19 22:30:25 [INFO] - Login exitoso para el usuario: admin@admin.com (ID: 1) desde IP: 127.0.0.1
2026-05-19 22:30:25 [INFO] - 127.0.0.1 - - [19/May/2026 22:30:25] "[32mPOST /auth/login HTTP/1.1[0m" 302 -
2026-05-19 22:30:25 [INFO] - 127.0.0.1 - - [19/May/2026 22:30:25] "GET /admin/ HTTP/1.1" 200 -
2026-05-19 22:30:27 [INFO] - 127.0.0.1 - - [19/May/2026 22:30:27] "GET /admin/auditorias HTTP/1.1" 200 -
2026-05-19 22:30:28 [INFO] - 127.0.0.1 - - [19/May/2026 22:30:28] "GET /admin/auditorias/nueva HTTP/1.1" 200 -
2026-05-19 22:30:34 [ERROR] - Error generando alerta: (pymysql.err.DataError) (1265, "Data truncated for column 'tipo' at row 1")
[SQL: INSERT INTO alerta (auditoria_id, empresa_id, usuario_id, tipo, severidad, canal, asunto, mensaje, leida, enviada, enviada_en, creada_en) VALUES (%(auditoria_id)s, %(empresa_id)s, %(usuario_id)s, %(tipo)s, %(severidad)s, %(canal)s, %(asunto)s, %(mensaje)s, %(leida)s, %(enviada)s, %(enviada_en)s, %(creada_en)s)]
[parameters: {'auditoria_id': 2, 'empresa_id': 1, 'usuario_id': 1, 'tipo': 'BRECHA_CRITICA', 'severidad': 'CRÍTICA', 'canal': 'AMBOS', 'asunto': '¡Riesgo Crítico! Brecha > 25% detectada en Auditoría #2', 'mensaje': 'Se ha calculado una brecha media global del 22.42%. Por ley (art. 28 ET) debe ser justificada objetivamente. Revise las recomendaciones.', 'leida': 0, 'enviada': 0, 'enviada_en': None, 'creada_en': datetime.datetime(2026, 5, 19, 20, 30, 34, 528600)}]
(Background on this error at: https://sqlalche.me/e/20/9h9h)
2026-05-19 22:30:34 [INFO] - 127.0.0.1 - - [19/May/2026 22:30:34] "[32mPOST /admin/auditorias/nueva HTTP/1.1[0m" 302 -
2026-05-19 22:30:34 [INFO] - 127.0.0.1 - - [19/May/2026 22:30:34] "GET /admin/auditorias HTTP/1.1" 200 -
2026-05-19 22:30:37 [INFO] - 127.0.0.1 - - [19/May/2026 22:30:37] "GET /admin/auditorias/nueva HTTP/1.1" 200 -
2026-05-19 22:30:42 [INFO] - 127.0.0.1 - - [19/May/2026 22:30:42] "[32mPOST /admin/auditorias/nueva HTTP/1.1[0m" 302 -
2026-05-19 22:30:42 [INFO] - 127.0.0.1 - - [19/May/2026 22:30:42] "GET /admin/auditorias HTTP/1.1" 200 -
2026-05-19 22:30:44 [INFO] - 127.0.0.1 - - [19/May/2026 22:30:44] "GET /admin/auditorias/3/resultados HTTP/1.1" 200 -
2026-05-19 22:30:49 [INFO] - 127.0.0.1 - - [19/May/2026 22:30:49] "GET /admin/auditorias/2/resultados HTTP/1.1" 200 -
2026-05-19 22:31:02 [INFO] - 127.0.0.1 - - [19/May/2026 22:31:02] "GET /admin/auditorias/3/resultados HTTP/1.1" 200 -
2026-05-19 22:31:05 [INFO] - 127.0.0.1 - - [19/May/2026 22:31:05] "GET /admin/auditorias/3/vpt HTTP/1.1" 200 -
2026-05-19 22:31:09 [INFO] - 127.0.0.1 - - [19/May/2026 22:31:09] "GET /admin/auditorias/3/plan HTTP/1.1" 200 -
2026-05-19 22:31:22 [INFO] - 127.0.0.1 - - [19/May/2026 22:31:22] "GET /admin/calendario HTTP/1.1" 200 -
2026-05-19 22:31:22 [INFO] - 127.0.0.1 - - [19/May/2026 22:31:22] "GET /admin/api/eventos?start=2026-04-26T00:00:00+02:00&end=2026-06-07T00:00:00+02:00 HTTP/1.1" 200 -
2026-05-19 22:32:12 [INFO] - 127.0.0.1 - - [19/May/2026 22:32:12] "[32mPOST /admin/auditorias/3/plan HTTP/1.1[0m" 302 -
2026-05-19 22:32:12 [INFO] - 127.0.0.1 - - [19/May/2026 22:32:12] "GET /admin/auditorias/3/plan HTTP/1.1" 200 -
2026-05-19 22:32:22 [INFO] - 127.0.0.1 - - [19/May/2026 22:32:22] "GET /admin/calendario HTTP/1.1" 200 -
2026-05-19 22:32:22 [INFO] - 127.0.0.1 - - [19/May/2026 22:32:22] "GET /admin/api/eventos?start=2026-04-26T00:00:00+02:00&end=2026-06-07T00:00:00+02:00 HTTP/1.1" 200 -
2026-05-19 22:32:30 [INFO] - 127.0.0.1 - - [19/May/2026 22:32:30] "GET /admin/calendario HTTP/1.1" 200 -
2026-05-19 22:32:30 [INFO] - 127.0.0.1 - - [19/May/2026 22:32:30] "GET /admin/api/eventos?start=2026-04-26T00:00:00+02:00&end=2026-06-07T00:00:00+02:00 HTTP/1.1" 200 -
2026-05-19 22:32:43 [INFO] - 127.0.0.1 - - [19/May/2026 22:32:43] "[35m[1mPOST /admin/tareas HTTP/1.1[0m" 201 -
2026-05-19 22:32:43 [INFO] - 127.0.0.1 - - [19/May/2026 22:32:43] "GET /admin/api/eventos?start=2026-04-26T00:00:00+02:00&end=2026-06-07T00:00:00+02:00 HTTP/1.1" 200 -
2026-05-19 22:32:48 [INFO] - 127.0.0.1 - - [19/May/2026 22:32:48] "GET /admin/auditorias/3/plan HTTP/1.1" 200 -
2026-05-19 22:34:10 [INFO] - 127.0.0.1 - - [19/May/2026 22:34:10] "GET /admin/auditorias/3/resultados HTTP/1.1" 200 -
2026-05-19 22:34:11 [INFO] - 127.0.0.1 - - [19/May/2026 22:34:11] "GET /admin/auditorias HTTP/1.1" 200 -
2026-05-19 22:34:12 [INFO] - 127.0.0.1 - - [19/May/2026 22:34:12] "GET /admin/auditorias/nueva HTTP/1.1" 200 -
2026-05-19 22:34:16 [INFO] - 127.0.0.1 - - [19/May/2026 22:34:16] "[32mPOST /admin/auditorias/nueva HTTP/1.1[0m" 302 -
2026-05-19 22:34:16 [INFO] - 127.0.0.1 - - [19/May/2026 22:34:16] "GET /admin/auditorias HTTP/1.1" 200 -
2026-05-19 22:34:25 [INFO] - 127.0.0.1 - - [19/May/2026 22:34:25] "GET /admin/auditorias/nueva HTTP/1.1" 200 -
2026-05-19 22:34:30 [ERROR] - Error generando alerta: (pymysql.err.DataError) (1265, "Data truncated for column 'tipo' at row 1")
[SQL: INSERT INTO alerta (auditoria_id, empresa_id, usuario_id, tipo, severidad, canal, asunto, mensaje, leida, enviada, enviada_en, creada_en) VALUES (%(auditoria_id)s, %(empresa_id)s, %(usuario_id)s, %(tipo)s, %(severidad)s, %(canal)s, %(asunto)s, %(mensaje)s, %(leida)s, %(enviada)s, %(enviada_en)s, %(creada_en)s)]
[parameters: {'auditoria_id': 5, 'empresa_id': 1, 'usuario_id': 1, 'tipo': 'BRECHA_CRITICA', 'severidad': 'CRÍTICA', 'canal': 'AMBOS', 'asunto': '¡Riesgo Crítico! Brecha > 25% detectada en Auditoría #5', 'mensaje': 'Se ha calculado una brecha media global del 22.42%. Por ley (art. 28 ET) debe ser justificada objetivamente. Revise las recomendaciones.', 'leida': 0, 'enviada': 0, 'enviada_en': None, 'creada_en': datetime.datetime(2026, 5, 19, 20, 34, 30, 288665)}]
(Background on this error at: https://sqlalche.me/e/20/9h9h)
2026-05-19 22:34:30 [INFO] - 127.0.0.1 - - [19/May/2026 22:34:30] "[32mPOST /admin/auditorias/nueva HTTP/1.1[0m" 302 -
2026-05-19 22:34:30 [INFO] - 127.0.0.1 - - [19/May/2026 22:34:30] "GET /admin/auditorias HTTP/1.1" 200 -
2026-05-19 22:34:38 [INFO] - 127.0.0.1 - - [19/May/2026 22:34:38] "GET /admin/auditorias/5/resultados HTTP/1.1" 200 -
2026-05-19 22:38:35 [INFO] - 127.0.0.1 - - [19/May/2026 22:38:35] "GET /admin/auditorias/editar/5 HTTP/1.1" 200 -
2026-05-19 22:38:36 [INFO] - 127.0.0.1 - - [19/May/2026 22:38:36] "[32mPOST /admin/auditorias/editar/5 HTTP/1.1[0m" 302 -
2026-05-19 22:38:36 [INFO] - 127.0.0.1 - - [19/May/2026 22:38:36] "GET /admin/auditorias HTTP/1.1" 200 -
2026-05-19 22:38:38 [INFO] - 127.0.0.1 - - [19/May/2026 22:38:38] "GET /admin/auditorias/editar/4 HTTP/1.1" 200 -
2026-05-19 22:38:40 [INFO] - 127.0.0.1 - - [19/May/2026 22:38:40] "[32mPOST /admin/auditorias/editar/4 HTTP/1.1[0m" 302 -
2026-05-19 22:38:40 [INFO] - 127.0.0.1 - - [19/May/2026 22:38:40] "GET /admin/auditorias HTTP/1.1" 200 -
2026-05-19 22:38:41 [INFO] - 127.0.0.1 - - [19/May/2026 22:38:41] "GET /admin/auditorias/editar/3 HTTP/1.1" 200 -
2026-05-19 22:38:44 [INFO] - 127.0.0.1 - - [19/May/2026 22:38:44] "[32mPOST /admin/auditorias/editar/3 HTTP/1.1[0m" 302 -
2026-05-19 22:38:44 [INFO] - 127.0.0.1 - - [19/May/2026 22:38:44] "GET /admin/auditorias HTTP/1.1" 200 -
2026-05-19 22:38:46 [INFO] - 127.0.0.1 - - [19/May/2026 22:38:46] "GET /admin/auditorias/editar/5 HTTP/1.1" 200 -
2026-05-19 22:38:48 [INFO] - 127.0.0.1 - - [19/May/2026 22:38:48] "[32mPOST /admin/auditorias/editar/5 HTTP/1.1[0m" 302 -
2026-05-19 22:38:48 [INFO] - 127.0.0.1 - - [19/May/2026 22:38:48] "GET /admin/auditorias HTTP/1.1" 200 -
2026-05-19 22:38:49 [INFO] - 127.0.0.1 - - [19/May/2026 22:38:49] "GET /admin/auditorias/editar/2 HTTP/1.1" 200 -
2026-05-19 22:38:51 [INFO] - 127.0.0.1 - - [19/May/2026 22:38:51] "[32mPOST /admin/auditorias/editar/2 HTTP/1.1[0m" 302 -
2026-05-19 22:38:51 [INFO] - 127.0.0.1 - - [19/May/2026 22:38:51] "GET /admin/auditorias HTTP/1.1" 200 -
2026-05-19 22:38:52 [INFO] - 127.0.0.1 - - [19/May/2026 22:38:52] "GET /admin/auditorias/editar/1 HTTP/1.1" 200 -
2026-05-19 22:38:53 [INFO] - 127.0.0.1 - - [19/May/2026 22:38:53] "[32mPOST /admin/auditorias/editar/1 HTTP/1.1[0m" 302 -
2026-05-19 22:38:54 [INFO] - 127.0.0.1 - - [19/May/2026 22:38:54] "GET /admin/auditorias HTTP/1.1" 200 -
2026-05-19 22:38:55 [INFO] - 127.0.0.1 - - [19/May/2026 22:38:55] "GET /admin/ HTTP/1.1" 200 -
2026-05-19 22:40:12 [INFO] - Login exitoso para el usuario: admin@example.com (ID: 1) desde IP: 127.0.0.1
2026-05-19 22:40:12 [WARNING] - Usuario 2 (client@example.com) ha sido desactivado por el ADMIN 1 (admin@example.com)
2026-05-19 22:40:12 [INFO] - Usuario 2 (client@example.com) ha sido activado por el ADMIN 1 (admin@example.com)
2026-05-19 22:40:12 [WARNING] - Usuario 2 (client@example.com) ha sido desactivado por el ADMIN 1 (admin@example.com)
2026-05-19 22:40:12 [INFO] - Usuario 2 (client@example.com) ha sido eliminado permanentemente por el ADMIN 1 (admin@example.com)
2026-05-19 22:40:12 [INFO] - Login exitoso para el usuario: admin@example.com (ID: 1) desde IP: 127.0.0.1
2026-05-19 22:40:12 [INFO] - Login exitoso para el usuario: admin@example.com (ID: 1) desde IP: 127.0.0.1
2026-05-19 22:40:13 [INFO] - Login exitoso para el usuario: auditor@example.com (ID: 2) desde IP: 127.0.0.1
2026-05-19 22:40:13 [INFO] - Login exitoso para el usuario: auditor@example.com (ID: 2) desde IP: 127.0.0.1
2026-05-19 22:40:13 [INFO] - Login exitoso para el usuario: auditor@example.com (ID: 2) desde IP: 127.0.0.1
2026-05-19 22:40:13 [INFO] - Login exitoso para el usuario: admin@example.com (ID: 1) desde IP: 127.0.0.1
2026-05-19 22:40:13 [INFO] - Login exitoso para el usuario: admin@example.com (ID: 1) desde IP: 127.0.0.1
2026-05-19 22:40:13 [INFO] - Login exitoso para el usuario: admin@example.com (ID: 1) desde IP: 127.0.0.1
2026-05-19 22:40:14 [WARNING] - Intento de login bloqueado (usuario inactivo) para: test@example.com desde IP: 127.0.0.1
2026-05-19 22:40:14 [WARNING] - Intento de login bloqueado (usuario inactivo) para: test@example.com desde IP: 127.0.0.1
2026-05-19 22:40:14 [WARNING] - Intento de login bloqueado (usuario inactivo) para: test@example.com desde IP: 127.0.0.1
2026-05-19 22:40:14 [WARNING] - Intento de login bloqueado (usuario inactivo) para: test@example.com desde IP: 127.0.0.1
2026-05-19 22:40:14 [WARNING] - Intento de login bloqueado (usuario inactivo) para: test@example.com desde IP: 127.0.0.1
2026-05-19 22:40:14 [INFO] - Login exitoso para el usuario: test@example.com (ID: 1) desde IP: 127.0.0.1
2026-05-19 22:40:14 [INFO] - Login exitoso para el usuario: test@example.com (ID: 1) desde IP: 127.0.0.1
2026-05-19 22:40:14 [INFO] - Login exitoso para el usuario: test@example.com (ID: 1) desde IP: 127.0.0.1
2026-05-19 22:40:14 [INFO] - Login exitoso para el usuario: test@example.com (ID: 1) desde IP: 127.0.0.1
2026-05-19 22:40:14 [INFO] - Login exitoso para el usuario: test@example.com (ID: 1) desde IP: 127.0.0.1
2026-05-19 22:40:14 [INFO] - Login exitoso para el usuario: test@example.com (ID: 1) desde IP: 127.0.0.1
2026-05-19 22:41:06 [INFO] - [31m[1mWARNING: This is a development server. Do not use it in a production deployment. Use a production WSGI server instead.[0m
 * Running on http://127.0.0.1:5000
2026-05-19 22:41:06 [INFO] - [33mPress CTRL+C to quit[0m
2026-05-19 22:41:10 [INFO] - 127.0.0.1 - - [19/May/2026 22:41:10] "GET /admin/ HTTP/1.1" 200 -
2026-05-19 22:41:16 [INFO] - 127.0.0.1 - - [19/May/2026 22:41:16] "[32mGET /auth/logout HTTP/1.1[0m" 302 -
2026-05-19 22:41:16 [INFO] - 127.0.0.1 - - [19/May/2026 22:41:16] "GET /auth/login HTTP/1.1" 200 -
2026-05-19 22:47:44 [INFO] - Login exitoso para el usuario: admin@admin.com (ID: 1) desde IP: 127.0.0.1
2026-05-19 22:47:44 [INFO] - 127.0.0.1 - - [19/May/2026 22:47:44] "[32mPOST /auth/login HTTP/1.1[0m" 302 -
2026-05-19 22:47:44 [INFO] - 127.0.0.1 - - [19/May/2026 22:47:44] "GET /admin/ HTTP/1.1" 200 -
2026-05-19 22:47:47 [INFO] - 127.0.0.1 - - [19/May/2026 22:47:47] "GET /admin/empresas HTTP/1.1" 200 -
2026-05-19 22:47:49 [INFO] - 127.0.0.1 - - [19/May/2026 22:47:49] "GET /admin/empresas/nueva HTTP/1.1" 200 -
2026-05-19 22:47:52 [INFO] - 127.0.0.1 - - [19/May/2026 22:47:52] "GET /admin/empresas HTTP/1.1" 200 -
2026-05-19 22:47:54 [INFO] - 127.0.0.1 - - [19/May/2026 22:47:54] "GET /admin/empresas/editar/1 HTTP/1.1" 200 -
2026-05-19 22:47:57 [INFO] - 127.0.0.1 - - [19/May/2026 22:47:57] "GET /admin/empresas HTTP/1.1" 200 -
2026-05-19 22:47:57 [INFO] - 127.0.0.1 - - [19/May/2026 22:47:57] "GET /admin/empresas HTTP/1.1" 200 -
2026-05-19 22:47:58 [INFO] - 127.0.0.1 - - [19/May/2026 22:47:58] "GET /admin/auditorias HTTP/1.1" 200 -
2026-05-19 22:47:58 [INFO] - 127.0.0.1 - - [19/May/2026 22:47:58] "GET /admin/empresas HTTP/1.1" 200 -
2026-05-19 22:52:03 [INFO] - 127.0.0.1 - - [19/May/2026 22:52:03] "GET /admin/empresas HTTP/1.1" 200 -
2026-05-19 22:52:06 [INFO] - 127.0.0.1 - - [19/May/2026 22:52:06] "GET /admin/empresas/editar/1 HTTP/1.1" 200 -
2026-05-19 22:52:11 [INFO] - 127.0.0.1 - - [19/May/2026 22:52:11] "GET /admin/empresas HTTP/1.1" 200 -
2026-05-19 22:52:12 [INFO] - 127.0.0.1 - - [19/May/2026 22:52:12] "GET /admin/auditorias HTTP/1.1" 200 -
2026-05-19 22:52:12 [INFO] - 127.0.0.1 - - [19/May/2026 22:52:12] "GET /admin/calendario HTTP/1.1" 200 -
2026-05-19 22:52:12 [INFO] - 127.0.0.1 - - [19/May/2026 22:52:12] "GET /admin/api/eventos?start=2026-04-26T00:00:00+02:00&end=2026-06-07T00:00:00+02:00 HTTP/1.1" 200 -
2026-05-19 22:52:13 [INFO] - 127.0.0.1 - - [19/May/2026 22:52:13] "GET /admin/auditorias HTTP/1.1" 200 -
2026-05-19 22:52:14 [INFO] - 127.0.0.1 - - [19/May/2026 22:52:14] "GET /admin/auditorias/nueva HTTP/1.1" 200 -
2026-05-19 22:52:21 [INFO] - 127.0.0.1 - - [19/May/2026 22:52:21] "[32mPOST /admin/auditorias/nueva HTTP/1.1[0m" 302 -
2026-05-19 22:52:21 [INFO] - 127.0.0.1 - - [19/May/2026 22:52:21] "GET /admin/auditorias HTTP/1.1" 200 -
2026-05-19 22:52:27 [INFO] - 127.0.0.1 - - [19/May/2026 22:52:27] "GET /admin/auditorias/nueva HTTP/1.1" 200 -
2026-05-19 22:52:32 [ERROR] - Error generando alerta: (pymysql.err.DataError) (1265, "Data truncated for column 'tipo' at row 1")
[SQL: INSERT INTO alerta (auditoria_id, empresa_id, usuario_id, tipo, severidad, canal, asunto, mensaje, leida, enviada, enviada_en, creada_en) VALUES (%(auditoria_id)s, %(empresa_id)s, %(usuario_id)s, %(tipo)s, %(severidad)s, %(canal)s, %(asunto)s, %(mensaje)s, %(leida)s, %(enviada)s, %(enviada_en)s, %(creada_en)s)]
[parameters: {'auditoria_id': 2, 'empresa_id': 1, 'usuario_id': 1, 'tipo': 'BRECHA_CRITICA', 'severidad': 'CRÍTICA', 'canal': 'AMBOS', 'asunto': '¡Riesgo Crítico! Brecha > 25% detectada en Auditoría #2', 'mensaje': 'Se ha calculado una brecha media global del 16.60%. Por ley (art. 28 ET) debe ser justificada objetivamente. Revise las recomendaciones.', 'leida': 0, 'enviada': 0, 'enviada_en': None, 'creada_en': datetime.datetime(2026, 5, 19, 20, 52, 32, 223544)}]
(Background on this error at: https://sqlalche.me/e/20/9h9h)
2026-05-19 22:52:32 [INFO] - 127.0.0.1 - - [19/May/2026 22:52:32] "[32mPOST /admin/auditorias/nueva HTTP/1.1[0m" 302 -
2026-05-19 22:52:32 [INFO] - 127.0.0.1 - - [19/May/2026 22:52:32] "GET /admin/auditorias HTTP/1.1" 200 -
2026-05-19 22:52:38 [INFO] - 127.0.0.1 - - [19/May/2026 22:52:38] "GET /admin/auditorias/2/resultados HTTP/1.1" 200 -
2026-05-19 22:52:54 [INFO] - 127.0.0.1 - - [19/May/2026 22:52:54] "GET /admin/auditorias HTTP/1.1" 200 -
2026-05-19 22:52:55 [INFO] - 127.0.0.1 - - [19/May/2026 22:52:55] "GET /admin/auditorias/nueva HTTP/1.1" 200 -
2026-05-19 22:53:00 [INFO] - 127.0.0.1 - - [19/May/2026 22:53:00] "[32mPOST /admin/auditorias/nueva HTTP/1.1[0m" 302 -
2026-05-19 22:53:00 [INFO] - 127.0.0.1 - - [19/May/2026 22:53:00] "GET /admin/auditorias HTTP/1.1" 200 -
2026-05-19 22:53:05 [INFO] - 127.0.0.1 - - [19/May/2026 22:53:05] "GET /admin/auditorias/3/resultados HTTP/1.1" 200 -
2026-05-19 22:53:08 [INFO] - 127.0.0.1 - - [19/May/2026 22:53:08] "GET /admin/auditorias/1/resultados HTTP/1.1" 200 -
2026-05-19 22:53:11 [INFO] - 127.0.0.1 - - [19/May/2026 22:53:11] "GET /admin/auditorias/3/resultados HTTP/1.1" 200 -
2026-05-19 22:53:16 [INFO] - 127.0.0.1 - - [19/May/2026 22:53:16] "GET /admin/auditorias/3/chat/vista HTTP/1.1" 200 -
2026-05-19 22:53:16 [INFO] - 127.0.0.1 - - [19/May/2026 22:53:16] "GET /admin/auditorias/3/chat?after=0 HTTP/1.1" 200 -
2026-05-19 22:53:21 [INFO] - [CHAT] Mensaje #1 de usuario 1 en auditoría #3
2026-05-19 22:53:21 [INFO] - 127.0.0.1 - - [19/May/2026 22:53:21] "[35m[1mPOST /admin/auditorias/3/chat HTTP/1.1[0m" 201 -
2026-05-19 22:53:21 [INFO] - 127.0.0.1 - - [19/May/2026 22:53:21] "GET /admin/auditorias/3/chat?after=1 HTTP/1.1" 200 -
2026-05-19 22:53:26 [INFO] - 127.0.0.1 - - [19/May/2026 22:53:26] "GET /admin/auditorias/3/chat?after=1 HTTP/1.1" 200 -
2026-05-19 22:53:28 [INFO] - [CHAT] Mensaje #2 de usuario 1 en auditoría #3
2026-05-19 22:53:28 [INFO] - 127.0.0.1 - - [19/May/2026 22:53:28] "[35m[1mPOST /admin/auditorias/3/chat HTTP/1.1[0m" 201 -
2026-05-19 22:53:29 [INFO] - 127.0.0.1 - - [19/May/2026 22:53:29] "GET /admin/auditorias/3/resultados HTTP/1.1" 200 -
2026-05-19 22:53:32 [INFO] - 127.0.0.1 - - [19/May/2026 22:53:32] "GET /admin/auditorias/3/historico HTTP/1.1" 200 -
2026-05-19 22:53:34 [INFO] - 127.0.0.1 - - [19/May/2026 22:53:34] "GET /admin/auditorias/3/resultados HTTP/1.1" 200 -
2026-05-19 22:53:35 [INFO] - 127.0.0.1 - - [19/May/2026 22:53:35] "GET /admin/auditorias HTTP/1.1" 200 -
2026-05-19 22:53:38 [INFO] - 127.0.0.1 - - [19/May/2026 22:53:38] "GET /admin/auditorias/3/resultados HTTP/1.1" 200 -
2026-05-19 22:53:40 [INFO] - 127.0.0.1 - - [19/May/2026 22:53:40] "GET /admin/auditorias/3/historico HTTP/1.1" 200 -
2026-05-19 22:53:51 [INFO] - 127.0.0.1 - - [19/May/2026 22:53:51] "GET /admin/auditorias HTTP/1.1" 200 -
2026-05-19 22:53:58 [INFO] - 127.0.0.1 - - [19/May/2026 22:53:58] "GET /admin/auditorias/3/resultados HTTP/1.1" 200 -
2026-05-19 22:54:01 [INFO] - 127.0.0.1 - - [19/May/2026 22:54:01] "GET /admin/auditorias/3/chat/vista HTTP/1.1" 200 -
2026-05-19 22:54:01 [INFO] - 127.0.0.1 - - [19/May/2026 22:54:01] "GET /admin/auditorias/3/chat?after=0 HTTP/1.1" 200 -
2026-05-19 22:54:03 [INFO] - 127.0.0.1 - - [19/May/2026 22:54:03] "GET /admin/auditorias/3/plan HTTP/1.1" 200 -
2026-05-19 22:54:19 [INFO] - 127.0.0.1 - - [19/May/2026 22:54:19] "GET /admin/calendario HTTP/1.1" 200 -
2026-05-19 22:54:19 [INFO] - 127.0.0.1 - - [19/May/2026 22:54:19] "GET /admin/api/eventos?start=2026-04-26T00:00:00+02:00&end=2026-06-07T00:00:00+02:00 HTTP/1.1" 200 -
2026-05-19 22:54:40 [INFO] - 127.0.0.1 - - [19/May/2026 22:54:40] "[35m[1mPOST /admin/tareas HTTP/1.1[0m" 201 -
2026-05-19 22:54:40 [INFO] - 127.0.0.1 - - [19/May/2026 22:54:40] "GET /admin/api/eventos?start=2026-04-26T00:00:00+02:00&end=2026-06-07T00:00:00+02:00 HTTP/1.1" 200 -
2026-05-19 22:54:45 [INFO] - 127.0.0.1 - - [19/May/2026 22:54:45] "GET /admin/auditorias/3/plan HTTP/1.1" 200 -
2026-05-19 22:54:52 [INFO] - 127.0.0.1 - - [19/May/2026 22:54:52] "[32mPOST /admin/auditorias/3/plan HTTP/1.1[0m" 302 -
2026-05-19 22:54:52 [INFO] - 127.0.0.1 - - [19/May/2026 22:54:52] "GET /admin/auditorias/3/plan HTTP/1.1" 200 -
2026-05-19 22:55:02 [INFO] - 127.0.0.1 - - [19/May/2026 22:55:02] "GET /admin/auditorias/3/resultados HTTP/1.1" 200 -
2026-05-19 22:55:05 [INFO] - 127.0.0.1 - - [19/May/2026 22:55:05] "GET /admin/auditorias/3/historico HTTP/1.1" 200 -
2026-05-19 22:55:13 [INFO] - 127.0.0.1 - - [19/May/2026 22:55:13] "GET /admin/auditorias/3/chat/vista HTTP/1.1" 200 -
2026-05-19 22:55:13 [INFO] - 127.0.0.1 - - [19/May/2026 22:55:13] "GET /admin/auditorias/3/chat?after=0 HTTP/1.1" 200 -
2026-05-19 22:55:15 [INFO] - 127.0.0.1 - - [19/May/2026 22:55:15] "GET /admin/auditorias/3/resultados HTTP/1.1" 200 -
2026-05-19 22:55:16 [INFO] - 127.0.0.1 - - [19/May/2026 22:55:16] "GET /admin/auditorias HTTP/1.1" 200 -
2026-05-19 22:55:19 [INFO] - 127.0.0.1 - - [19/May/2026 22:55:19] "GET /admin/auditorias/editar/3 HTTP/1.1" 200 -
2026-05-19 22:55:29 [INFO] - 127.0.0.1 - - [19/May/2026 22:55:29] "[32mPOST /admin/auditorias/editar/3 HTTP/1.1[0m" 302 -
2026-05-19 22:55:29 [INFO] - 127.0.0.1 - - [19/May/2026 22:55:29] "GET /admin/auditorias HTTP/1.1" 200 -
2026-05-19 22:55:34 [INFO] - 127.0.0.1 - - [19/May/2026 22:55:34] "GET /admin/ HTTP/1.1" 200 -
2026-05-19 22:55:46 [INFO] - 127.0.0.1 - - [19/May/2026 22:55:46] "GET /admin/calendario HTTP/1.1" 200 -
2026-05-19 22:55:47 [INFO] - 127.0.0.1 - - [19/May/2026 22:55:47] "GET /admin/api/eventos?start=2026-04-26T00:00:00+02:00&end=2026-06-07T00:00:00+02:00 HTTP/1.1" 200 -
2026-05-19 22:55:59 [INFO] - 127.0.0.1 - - [19/May/2026 22:55:59] "[35m[1mPOST /admin/citas HTTP/1.1[0m" 201 -
2026-05-19 22:55:59 [INFO] - 127.0.0.1 - - [19/May/2026 22:55:59] "GET /admin/api/eventos?start=2026-04-26T00:00:00+02:00&end=2026-06-07T00:00:00+02:00 HTTP/1.1" 200 -
2026-05-19 22:56:00 [INFO] - 127.0.0.1 - - [19/May/2026 22:56:00] "GET /admin/ HTTP/1.1" 200 -
2026-05-19 22:56:08 [INFO] - 127.0.0.1 - - [19/May/2026 22:56:08] "GET /admin/empresas/ver/1 HTTP/1.1" 200 -
2026-05-19 22:56:13 [INFO] - 127.0.0.1 - - [19/May/2026 22:56:13] "GET /admin/empresas/ver/1 HTTP/1.1" 200 -
2026-05-19 22:56:26 [INFO] - 127.0.0.1 - - [19/May/2026 22:56:26] "GET /admin/users HTTP/1.1" 200 -
2026-05-19 22:56:27 [INFO] - 127.0.0.1 - - [19/May/2026 22:56:27] "GET /admin/calendario HTTP/1.1" 200 -
2026-05-19 22:56:27 [INFO] - 127.0.0.1 - - [19/May/2026 22:56:27] "GET /admin/api/eventos?start=2026-04-26T00:00:00+02:00&end=2026-06-07T00:00:00+02:00 HTTP/1.1" 200 -
2026-05-19 22:56:29 [INFO] - 127.0.0.1 - - [19/May/2026 22:56:29] "GET /admin/calendario HTTP/1.1" 200 -
2026-05-19 22:56:29 [INFO] - 127.0.0.1 - - [19/May/2026 22:56:29] "GET /admin/api/eventos?start=2026-04-26T00:00:00+02:00&end=2026-06-07T00:00:00+02:00 HTTP/1.1" 200 -
2026-05-19 22:56:29 [INFO] - 127.0.0.1 - - [19/May/2026 22:56:29] "GET /admin/auditorias HTTP/1.1" 200 -
2026-05-19 22:56:30 [INFO] - 127.0.0.1 - - [19/May/2026 22:56:30] "GET /admin/empresas HTTP/1.1" 200 -
2026-05-19 22:56:44 [INFO] - 127.0.0.1 - - [19/May/2026 22:56:44] "GET /admin/empresas HTTP/1.1" 200 -
2026-05-19 22:56:46 [INFO] - 127.0.0.1 - - [19/May/2026 22:56:46] "GET /admin/empresas HTTP/1.1" 200 -
2026-05-19 22:56:46 [INFO] - 127.0.0.1 - - [19/May/2026 22:56:46] "GET /admin/empresas HTTP/1.1" 200 -
2026-05-19 22:56:46 [INFO] - 127.0.0.1 - - [19/May/2026 22:56:46] "GET /admin/empresas HTTP/1.1" 200 -
2026-05-19 22:56:49 [INFO] - 127.0.0.1 - - [19/May/2026 22:56:49] "[32mGET /auth/logout HTTP/1.1[0m" 302 -
2026-05-19 22:56:49 [INFO] - 127.0.0.1 - - [19/May/2026 22:56:49] "GET /auth/login HTTP/1.1" 200 -
2026-05-19 22:56:57 [INFO] - Login exitoso para el usuario: auditor@demo.com (ID: 2) desde IP: 127.0.0.1
2026-05-19 22:56:57 [INFO] - 127.0.0.1 - - [19/May/2026 22:56:57] "[32mPOST /auth/login HTTP/1.1[0m" 302 -
2026-05-19 22:56:57 [INFO] - 127.0.0.1 - - [19/May/2026 22:56:57] "GET /admin/ HTTP/1.1" 200 -
2026-05-19 22:57:05 [INFO] - 127.0.0.1 - - [19/May/2026 22:57:05] "GET /admin/empresas HTTP/1.1" 200 -
2026-05-19 22:57:06 [INFO] - 127.0.0.1 - - [19/May/2026 22:57:06] "GET /admin/auditorias HTTP/1.1" 200 -
2026-05-19 22:57:10 [INFO] - 127.0.0.1 - - [19/May/2026 22:57:10] "GET /admin/auditorias/3/resultados HTTP/1.1" 200 -
2026-05-19 22:57:30 [INFO] - 127.0.0.1 - - [19/May/2026 22:57:30] "GET /admin/auditorias/3/vpt HTTP/1.1" 200 -
2026-05-19 22:57:59 [INFO] - 127.0.0.1 - - [19/May/2026 22:57:59] "[32mPOST /admin/auditorias/3/vpt HTTP/1.1[0m" 302 -
2026-05-19 22:57:59 [INFO] - 127.0.0.1 - - [19/May/2026 22:57:59] "GET /admin/auditorias/3/vpt HTTP/1.1" 200 -
2026-05-19 22:58:07 [INFO] - 127.0.0.1 - - [19/May/2026 22:58:07] "GET /admin/auditorias/3/resultados HTTP/1.1" 200 -
2026-05-19 22:58:09 [INFO] - 127.0.0.1 - - [19/May/2026 22:58:09] "GET /admin/auditorias/3/vpt HTTP/1.1" 200 -
2026-05-19 22:58:13 [INFO] - 127.0.0.1 - - [19/May/2026 22:58:13] "GET /admin/auditorias/3/documentos HTTP/1.1" 200 -
2026-05-19 22:58:38 [ERROR] - Exception on /admin/auditorias/3/documentos [POST]
Traceback (most recent call last):
  File "D:\TFG\src\.venv\Lib\site-packages\sqlalchemy\engine\base.py", line 1967, in _exec_single_context
    self.dialect.do_execute(
  File "D:\TFG\src\.venv\Lib\site-packages\sqlalchemy\engine\default.py", line 952, in do_execute
    cursor.execute(statement, parameters)
  File "D:\TFG\src\.venv\Lib\site-packages\pymysql\cursors.py", line 153, in execute
    result = self._query(query)
             ^^^^^^^^^^^^^^^^^^
  File "D:\TFG\src\.venv\Lib\site-packages\pymysql\cursors.py", line 322, in _query
    conn.query(q)
  File "D:\TFG\src\.venv\Lib\site-packages\pymysql\connections.py", line 563, in query
    self._affected_rows = self._read_query_result(unbuffered=unbuffered)
                          ^^^^^^^^^^^^^^^^^^^^^^^^^^^^^^^^^^^^^^^^^^^^^^
  File "D:\TFG\src\.venv\Lib\site-packages\pymysql\connections.py", line 825, in _read_query_result
    result.read()
  File "D:\TFG\src\.venv\Lib\site-packages\pymysql\connections.py", line 1199, in read
    first_packet = self.connection._read_packet()
                   ^^^^^^^^^^^^^^^^^^^^^^^^^^^^^^
  File "D:\TFG\src\.venv\Lib\site-packages\pymysql\connections.py", line 775, in _read_packet
    packet.raise_for_error()
  File "D:\TFG\src\.venv\Lib\site-packages\pymysql\protocol.py", line 219, in raise_for_error
    err.raise_mysql_exception(self._data)
  File "D:\TFG\src\.venv\Lib\site-packages\pymysql\err.py", line 150, in raise_mysql_exception
    raise errorclass(errno, errval)
pymysql.err.DataError: (1265, "Data truncated for column 'tipo' at row 1")

The above exception was the direct cause of the following exception:

Traceback (most recent call last):
  File "D:\TFG\src\.venv\Lib\site-packages\flask\app.py", line 1473, in wsgi_app
    response = self.full_dispatch_request()
               ^^^^^^^^^^^^^^^^^^^^^^^^^^^^
  File "D:\TFG\src\.venv\Lib\site-packages\flask\app.py", line 882, in full_dispatch_request
    rv = self.handle_user_exception(e)
         ^^^^^^^^^^^^^^^^^^^^^^^^^^^^^
  File "D:\TFG\src\.venv\Lib\site-packages\flask\app.py", line 880, in full_dispatch_request
    rv = self.dispatch_request()
         ^^^^^^^^^^^^^^^^^^^^^^^
  File "D:\TFG\src\.venv\Lib\site-packages\flask\app.py", line 865, in dispatch_request
    return self.ensure_sync(self.view_functions[rule.endpoint])(**view_args)  # type: ignore[no-any-return]
           ^^^^^^^^^^^^^^^^^^^^^^^^^^^^^^^^^^^^^^^^^^^^^^^^^^^^^^^^^^^^^^^^^
  File "D:\TFG\src\.venv\Lib\site-packages\flask_login\utils.py", line 290, in decorated_view
    return current_app.ensure_sync(func)(*args, **kwargs)
           ^^^^^^^^^^^^^^^^^^^^^^^^^^^^^^^^^^^^^^^^^^^^^^
  File "D:\TFG\src\audit_salarial_app\admin\routes.py", line 1320, in documentos_auditoria
    db.session.commit()
  File "D:\TFG\src\.venv\Lib\site-packages\sqlalchemy\orm\scoping.py", line 597, in commit
    return self._proxied.commit()
           ^^^^^^^^^^^^^^^^^^^^^^
  File "D:\TFG\src\.venv\Lib\site-packages\sqlalchemy\orm\session.py", line 2030, in commit
    trans.commit(_to_root=True)
  File "<string>", line 2, in commit
  File "D:\TFG\src\.venv\Lib\site-packages\sqlalchemy\orm\state_changes.py", line 137, in _go
    ret_value = fn(self, *arg, **kw)
                ^^^^^^^^^^^^^^^^^^^^
  File "D:\TFG\src\.venv\Lib\site-packages\sqlalchemy\orm\session.py", line 1311, in commit
    self._prepare_impl()
  File "<string>", line 2, in _prepare_impl
  File "D:\TFG\src\.venv\Lib\site-packages\sqlalchemy\orm\state_changes.py", line 137, in _go
    ret_value = fn(self, *arg, **kw)
                ^^^^^^^^^^^^^^^^^^^^
  File "D:\TFG\src\.venv\Lib\site-packages\sqlalchemy\orm\session.py", line 1286, in _prepare_impl
    self.session.flush()
  File "D:\TFG\src\.venv\Lib\site-packages\sqlalchemy\orm\session.py", line 4331, in flush
    self._flush(objects)
  File "D:\TFG\src\.venv\Lib\site-packages\sqlalchemy\orm\session.py", line 4466, in _flush
    with util.safe_reraise():
  File "D:\TFG\src\.venv\Lib\site-packages\sqlalchemy\util\langhelpers.py", line 121, in __exit__
    raise exc_value.with_traceback(exc_tb)
  File "D:\TFG\src\.venv\Lib\site-packages\sqlalchemy\orm\session.py", line 4427, in _flush
    flush_context.execute()
  File "D:\TFG\src\.venv\Lib\site-packages\sqlalchemy\orm\unitofwork.py", line 466, in execute
    rec.execute(self)
  File "D:\TFG\src\.venv\Lib\site-packages\sqlalchemy\orm\unitofwork.py", line 642, in execute
    util.preloaded.orm_persistence.save_obj(
  File "D:\TFG\src\.venv\Lib\site-packages\sqlalchemy\orm\persistence.py", line 93, in save_obj
    _emit_insert_statements(
  File "D:\TFG\src\.venv\Lib\site-packages\sqlalchemy\orm\persistence.py", line 1233, in _emit_insert_statements
    result = connection.execute(
             ^^^^^^^^^^^^^^^^^^^
  File "D:\TFG\src\.venv\Lib\site-packages\sqlalchemy\engine\base.py", line 1419, in execute
    return meth(
           ^^^^^
  File "D:\TFG\src\.venv\Lib\site-packages\sqlalchemy\sql\elements.py", line 527, in _execute_on_connection
    return connection._execute_clauseelement(
           ^^^^^^^^^^^^^^^^^^^^^^^^^^^^^^^^^^
  File "D:\TFG\src\.venv\Lib\site-packages\sqlalchemy\engine\base.py", line 1641, in _execute_clauseelement
    ret = self._execute_context(
          ^^^^^^^^^^^^^^^^^^^^^^
  File "D:\TFG\src\.venv\Lib\site-packages\sqlalchemy\engine\base.py", line 1846, in _execute_context
    return self._exec_single_context(
           ^^^^^^^^^^^^^^^^^^^^^^^^^^
  File "D:\TFG\src\.venv\Lib\site-packages\sqlalchemy\engine\base.py", line 1986, in _exec_single_context
    self._handle_dbapi_exception(
  File "D:\TFG\src\.venv\Lib\site-packages\sqlalchemy\engine\base.py", line 2363, in _handle_dbapi_exception
    raise sqlalchemy_exception.with_traceback(exc_info[2]) from e
  File "D:\TFG\src\.venv\Lib\site-packages\sqlalchemy\engine\base.py", line 1967, in _exec_single_context
    self.dialect.do_execute(
  File "D:\TFG\src\.venv\Lib\site-packages\sqlalchemy\engine\default.py", line 952, in do_execute
    cursor.execute(statement, parameters)
  File "D:\TFG\src\.venv\Lib\site-packages\pymysql\cursors.py", line 153, in execute
    result = self._query(query)
             ^^^^^^^^^^^^^^^^^^
  File "D:\TFG\src\.venv\Lib\site-packages\pymysql\cursors.py", line 322, in _query
    conn.query(q)
  File "D:\TFG\src\.venv\Lib\site-packages\pymysql\connections.py", line 563, in query
    self._affected_rows = self._read_query_result(unbuffered=unbuffered)
                          ^^^^^^^^^^^^^^^^^^^^^^^^^^^^^^^^^^^^^^^^^^^^^^
  File "D:\TFG\src\.venv\Lib\site-packages\pymysql\connections.py", line 825, in _read_query_result
    result.read()
  File "D:\TFG\src\.venv\Lib\site-packages\pymysql\connections.py", line 1199, in read
    first_packet = self.connection._read_packet()
                   ^^^^^^^^^^^^^^^^^^^^^^^^^^^^^^
  File "D:\TFG\src\.venv\Lib\site-packages\pymysql\connections.py", line 775, in _read_packet
    packet.raise_for_error()
  File "D:\TFG\src\.venv\Lib\site-packages\pymysql\protocol.py", line 219, in raise_for_error
    err.raise_mysql_exception(self._data)
  File "D:\TFG\src\.venv\Lib\site-packages\pymysql\err.py", line 150, in raise_mysql_exception
    raise errorclass(errno, errval)
sqlalchemy.exc.DataError: (pymysql.err.DataError) (1265, "Data truncated for column 'tipo' at row 1")
[SQL: INSERT INTO auditoria_archivo (auditoria_id, tipo, ruta, nombre, creado_en) VALUES (%(auditoria_id)s, %(tipo)s, %(ruta)s, %(nombre)s, %(creado_en)s)]
[parameters: {'auditoria_id': 3, 'tipo': 'DOCUMENTO_ADICIONAL', 'ruta': 'D:\\TFG\\src\\audit_salarial_app\\..\\uploads\\20260519225838_Hito_1_del_3o_trimestre_de_bases_de_datos_JesusBlancoAlegre.pdf', 'nombre': 'acta de subida | 20260519225838_Hito_1_del_3o_trimestre_de_bases_de_datos_JesusBlancoAlegre.pdf', 'creado_en': datetime.datetime(2026, 5, 19, 20, 58, 38, 867581)}]
(Background on this error at: https://sqlalche.me/e/20/9h9h)
2026-05-19 22:58:39 [INFO] - 127.0.0.1 - - [19/May/2026 22:58:39] "[35m[1mPOST /admin/auditorias/3/documentos HTTP/1.1[0m" 500 -
2026-05-19 22:58:55 [ERROR] - Exception on /admin/auditorias/3/documentos [POST]
Traceback (most recent call last):
  File "D:\TFG\src\.venv\Lib\site-packages\sqlalchemy\engine\base.py", line 1967, in _exec_single_context
    self.dialect.do_execute(
  File "D:\TFG\src\.venv\Lib\site-packages\sqlalchemy\engine\default.py", line 952, in do_execute
    cursor.execute(statement, parameters)
  File "D:\TFG\src\.venv\Lib\site-packages\pymysql\cursors.py", line 153, in execute
    result = self._query(query)
             ^^^^^^^^^^^^^^^^^^
  File "D:\TFG\src\.venv\Lib\site-packages\pymysql\cursors.py", line 322, in _query
    conn.query(q)
  File "D:\TFG\src\.venv\Lib\site-packages\pymysql\connections.py", line 563, in query
    self._affected_rows = self._read_query_result(unbuffered=unbuffered)
                          ^^^^^^^^^^^^^^^^^^^^^^^^^^^^^^^^^^^^^^^^^^^^^^
  File "D:\TFG\src\.venv\Lib\site-packages\pymysql\connections.py", line 825, in _read_query_result
    result.read()
  File "D:\TFG\src\.venv\Lib\site-packages\pymysql\connections.py", line 1199, in read
    first_packet = self.connection._read_packet()
                   ^^^^^^^^^^^^^^^^^^^^^^^^^^^^^^
  File "D:\TFG\src\.venv\Lib\site-packages\pymysql\connections.py", line 775, in _read_packet
    packet.raise_for_error()
  File "D:\TFG\src\.venv\Lib\site-packages\pymysql\protocol.py", line 219, in raise_for_error
    err.raise_mysql_exception(self._data)
  File "D:\TFG\src\.venv\Lib\site-packages\pymysql\err.py", line 150, in raise_mysql_exception
    raise errorclass(errno, errval)
pymysql.err.DataError: (1265, "Data truncated for column 'tipo' at row 1")

The above exception was the direct cause of the following exception:

Traceback (most recent call last):
  File "D:\TFG\src\.venv\Lib\site-packages\flask\app.py", line 1473, in wsgi_app
    response = self.full_dispatch_request()
               ^^^^^^^^^^^^^^^^^^^^^^^^^^^^
  File "D:\TFG\src\.venv\Lib\site-packages\flask\app.py", line 882, in full_dispatch_request
    rv = self.handle_user_exception(e)
         ^^^^^^^^^^^^^^^^^^^^^^^^^^^^^
  File "D:\TFG\src\.venv\Lib\site-packages\flask\app.py", line 880, in full_dispatch_request
    rv = self.dispatch_request()
         ^^^^^^^^^^^^^^^^^^^^^^^
  File "D:\TFG\src\.venv\Lib\site-packages\flask\app.py", line 865, in dispatch_request
    return self.ensure_sync(self.view_functions[rule.endpoint])(**view_args)  # type: ignore[no-any-return]
           ^^^^^^^^^^^^^^^^^^^^^^^^^^^^^^^^^^^^^^^^^^^^^^^^^^^^^^^^^^^^^^^^^
  File "D:\TFG\src\.venv\Lib\site-packages\flask_login\utils.py", line 290, in decorated_view
    return current_app.ensure_sync(func)(*args, **kwargs)
           ^^^^^^^^^^^^^^^^^^^^^^^^^^^^^^^^^^^^^^^^^^^^^^
  File "D:\TFG\src\audit_salarial_app\admin\routes.py", line 1320, in documentos_auditoria
    db.session.commit()
  File "D:\TFG\src\.venv\Lib\site-packages\sqlalchemy\orm\scoping.py", line 597, in commit
    return self._proxied.commit()
           ^^^^^^^^^^^^^^^^^^^^^^
  File "D:\TFG\src\.venv\Lib\site-packages\sqlalchemy\orm\session.py", line 2030, in commit
    trans.commit(_to_root=True)
  File "<string>", line 2, in commit
  File "D:\TFG\src\.venv\Lib\site-packages\sqlalchemy\orm\state_changes.py", line 137, in _go
    ret_value = fn(self, *arg, **kw)
                ^^^^^^^^^^^^^^^^^^^^
  File "D:\TFG\src\.venv\Lib\site-packages\sqlalchemy\orm\session.py", line 1311, in commit
    self._prepare_impl()
  File "<string>", line 2, in _prepare_impl
  File "D:\TFG\src\.venv\Lib\site-packages\sqlalchemy\orm\state_changes.py", line 137, in _go
    ret_value = fn(self, *arg, **kw)
                ^^^^^^^^^^^^^^^^^^^^
  File "D:\TFG\src\.venv\Lib\site-packages\sqlalchemy\orm\session.py", line 1286, in _prepare_impl
    self.session.flush()
  File "D:\TFG\src\.venv\Lib\site-packages\sqlalchemy\orm\session.py", line 4331, in flush
    self._flush(objects)
  File "D:\TFG\src\.venv\Lib\site-packages\sqlalchemy\orm\session.py", line 4466, in _flush
    with util.safe_reraise():
  File "D:\TFG\src\.venv\Lib\site-packages\sqlalchemy\util\langhelpers.py", line 121, in __exit__
    raise exc_value.with_traceback(exc_tb)
  File "D:\TFG\src\.venv\Lib\site-packages\sqlalchemy\orm\session.py", line 4427, in _flush
    flush_context.execute()
  File "D:\TFG\src\.venv\Lib\site-packages\sqlalchemy\orm\unitofwork.py", line 466, in execute
    rec.execute(self)
  File "D:\TFG\src\.venv\Lib\site-packages\sqlalchemy\orm\unitofwork.py", line 642, in execute
    util.preloaded.orm_persistence.save_obj(
  File "D:\TFG\src\.venv\Lib\site-packages\sqlalchemy\orm\persistence.py", line 93, in save_obj
    _emit_insert_statements(
  File "D:\TFG\src\.venv\Lib\site-packages\sqlalchemy\orm\persistence.py", line 1233, in _emit_insert_statements
    result = connection.execute(
             ^^^^^^^^^^^^^^^^^^^
  File "D:\TFG\src\.venv\Lib\site-packages\sqlalchemy\engine\base.py", line 1419, in execute
    return meth(
           ^^^^^
  File "D:\TFG\src\.venv\Lib\site-packages\sqlalchemy\sql\elements.py", line 527, in _execute_on_connection
    return connection._execute_clauseelement(
           ^^^^^^^^^^^^^^^^^^^^^^^^^^^^^^^^^^
  File "D:\TFG\src\.venv\Lib\site-packages\sqlalchemy\engine\base.py", line 1641, in _execute_clauseelement
    ret = self._execute_context(
          ^^^^^^^^^^^^^^^^^^^^^^
  File "D:\TFG\src\.venv\Lib\site-packages\sqlalchemy\engine\base.py", line 1846, in _execute_context
    return self._exec_single_context(
           ^^^^^^^^^^^^^^^^^^^^^^^^^^
  File "D:\TFG\src\.venv\Lib\site-packages\sqlalchemy\engine\base.py", line 1986, in _exec_single_context
    self._handle_dbapi_exception(
  File "D:\TFG\src\.venv\Lib\site-packages\sqlalchemy\engine\base.py", line 2363, in _handle_dbapi_exception
    raise sqlalchemy_exception.with_traceback(exc_info[2]) from e
  File "D:\TFG\src\.venv\Lib\site-packages\sqlalchemy\engine\base.py", line 1967, in _exec_single_context
    self.dialect.do_execute(
  File "D:\TFG\src\.venv\Lib\site-packages\sqlalchemy\engine\default.py", line 952, in do_execute
    cursor.execute(statement, parameters)
  File "D:\TFG\src\.venv\Lib\site-packages\pymysql\cursors.py", line 153, in execute
    result = self._query(query)
             ^^^^^^^^^^^^^^^^^^
  File "D:\TFG\src\.venv\Lib\site-packages\pymysql\cursors.py", line 322, in _query
    conn.query(q)
  File "D:\TFG\src\.venv\Lib\site-packages\pymysql\connections.py", line 563, in query
    self._affected_rows = self._read_query_result(unbuffered=unbuffered)
                          ^^^^^^^^^^^^^^^^^^^^^^^^^^^^^^^^^^^^^^^^^^^^^^
  File "D:\TFG\src\.venv\Lib\site-packages\pymysql\connections.py", line 825, in _read_query_result
    result.read()
  File "D:\TFG\src\.venv\Lib\site-packages\pymysql\connections.py", line 1199, in read
    first_packet = self.connection._read_packet()
                   ^^^^^^^^^^^^^^^^^^^^^^^^^^^^^^
  File "D:\TFG\src\.venv\Lib\site-packages\pymysql\connections.py", line 775, in _read_packet
    packet.raise_for_error()
  File "D:\TFG\src\.venv\Lib\site-packages\pymysql\protocol.py", line 219, in raise_for_error
    err.raise_mysql_exception(self._data)
  File "D:\TFG\src\.venv\Lib\site-packages\pymysql\err.py", line 150, in raise_mysql_exception
    raise errorclass(errno, errval)
sqlalchemy.exc.DataError: (pymysql.err.DataError) (1265, "Data truncated for column 'tipo' at row 1")
[SQL: INSERT INTO auditoria_archivo (auditoria_id, tipo, ruta, nombre, creado_en) VALUES (%(auditoria_id)s, %(tipo)s, %(ruta)s, %(nombre)s, %(creado_en)s)]
[parameters: {'auditoria_id': 3, 'tipo': 'DOCUMENTO_ADICIONAL', 'ruta': 'D:\\TFG\\src\\audit_salarial_app\\..\\uploads\\20260519225855_Hito_1_del_3o_trimestre_de_bases_de_datos_JesusBlancoAlegre.pdf', 'nombre': 'acta de subida | 20260519225855_Hito_1_del_3o_trimestre_de_bases_de_datos_JesusBlancoAlegre.pdf', 'creado_en': datetime.datetime(2026, 5, 19, 20, 58, 55, 262456)}]
(Background on this error at: https://sqlalche.me/e/20/9h9h)
2026-05-19 22:58:55 [INFO] - 127.0.0.1 - - [19/May/2026 22:58:55] "[35m[1mPOST /admin/auditorias/3/documentos HTTP/1.1[0m" 500 -
2026-05-19 22:59:03 [INFO] - 127.0.0.1 - - [19/May/2026 22:59:03] "GET /admin/auditorias/3/resultados HTTP/1.1" 200 -
2026-05-19 22:59:46 [INFO] - 127.0.0.1 - - [19/May/2026 22:59:46] "GET /admin/auditorias/3/plan HTTP/1.1" 200 -
2026-05-19 23:00:03 [INFO] - 127.0.0.1 - - [19/May/2026 23:00:03] "GET /admin/auditorias/3/chat/vista HTTP/1.1" 200 -
2026-05-19 23:00:03 [INFO] - 127.0.0.1 - - [19/May/2026 23:00:03] "GET /admin/auditorias/3/chat?after=0 HTTP/1.1" 200 -
2026-05-19 23:00:08 [INFO] - 127.0.0.1 - - [19/May/2026 23:00:08] "GET /admin/auditorias/3/chat?after=2 HTTP/1.1" 200 -
2026-05-19 23:00:08 [INFO] - [CHAT] Mensaje #3 de usuario 2 en auditoría #3
2026-05-19 23:00:08 [INFO] - 127.0.0.1 - - [19/May/2026 23:00:08] "[35m[1mPOST /admin/auditorias/3/chat HTTP/1.1[0m" 201 -
2026-05-19 23:00:11 [INFO] - 127.0.0.1 - - [19/May/2026 23:00:11] "GET /admin/auditorias/3/plan HTTP/1.1" 200 -
2026-05-19 23:00:26 [INFO] - 127.0.0.1 - - [19/May/2026 23:00:26] "GET /admin/auditorias/3/documentos HTTP/1.1" 200 -
2026-05-19 23:00:40 [ERROR] - Exception on /admin/auditorias/3/documentos [POST]
Traceback (most recent call last):
  File "D:\TFG\src\.venv\Lib\site-packages\sqlalchemy\engine\base.py", line 1967, in _exec_single_context
    self.dialect.do_execute(
  File "D:\TFG\src\.venv\Lib\site-packages\sqlalchemy\engine\default.py", line 952, in do_execute
    cursor.execute(statement, parameters)
  File "D:\TFG\src\.venv\Lib\site-packages\pymysql\cursors.py", line 153, in execute
    result = self._query(query)
             ^^^^^^^^^^^^^^^^^^
  File "D:\TFG\src\.venv\Lib\site-packages\pymysql\cursors.py", line 322, in _query
    conn.query(q)
  File "D:\TFG\src\.venv\Lib\site-packages\pymysql\connections.py", line 563, in query
    self._affected_rows = self._read_query_result(unbuffered=unbuffered)
                          ^^^^^^^^^^^^^^^^^^^^^^^^^^^^^^^^^^^^^^^^^^^^^^
  File "D:\TFG\src\.venv\Lib\site-packages\pymysql\connections.py", line 825, in _read_query_result
    result.read()
  File "D:\TFG\src\.venv\Lib\site-packages\pymysql\connections.py", line 1199, in read
    first_packet = self.connection._read_packet()
                   ^^^^^^^^^^^^^^^^^^^^^^^^^^^^^^
  File "D:\TFG\src\.venv\Lib\site-packages\pymysql\connections.py", line 775, in _read_packet
    packet.raise_for_error()
  File "D:\TFG\src\.venv\Lib\site-packages\pymysql\protocol.py", line 219, in raise_for_error
    err.raise_mysql_exception(self._data)
  File "D:\TFG\src\.venv\Lib\site-packages\pymysql\err.py", line 150, in raise_mysql_exception
    raise errorclass(errno, errval)
pymysql.err.DataError: (1265, "Data truncated for column 'tipo' at row 1")

The above exception was the direct cause of the following exception:

Traceback (most recent call last):
  File "D:\TFG\src\.venv\Lib\site-packages\flask\app.py", line 1473, in wsgi_app
    response = self.full_dispatch_request()
               ^^^^^^^^^^^^^^^^^^^^^^^^^^^^
  File "D:\TFG\src\.venv\Lib\site-packages\flask\app.py", line 882, in full_dispatch_request
    rv = self.handle_user_exception(e)
         ^^^^^^^^^^^^^^^^^^^^^^^^^^^^^
  File "D:\TFG\src\.venv\Lib\site-packages\flask\app.py", line 880, in full_dispatch_request
    rv = self.dispatch_request()
         ^^^^^^^^^^^^^^^^^^^^^^^
  File "D:\TFG\src\.venv\Lib\site-packages\flask\app.py", line 865, in dispatch_request
    return self.ensure_sync(self.view_functions[rule.endpoint])(**view_args)  # type: ignore[no-any-return]
           ^^^^^^^^^^^^^^^^^^^^^^^^^^^^^^^^^^^^^^^^^^^^^^^^^^^^^^^^^^^^^^^^^
  File "D:\TFG\src\.venv\Lib\site-packages\flask_login\utils.py", line 290, in decorated_view
    return current_app.ensure_sync(func)(*args, **kwargs)
           ^^^^^^^^^^^^^^^^^^^^^^^^^^^^^^^^^^^^^^^^^^^^^^
  File "D:\TFG\src\audit_salarial_app\admin\routes.py", line 1320, in documentos_auditoria
    db.session.commit()
  File "D:\TFG\src\.venv\Lib\site-packages\sqlalchemy\orm\scoping.py", line 597, in commit
    return self._proxied.commit()
           ^^^^^^^^^^^^^^^^^^^^^^
  File "D:\TFG\src\.venv\Lib\site-packages\sqlalchemy\orm\session.py", line 2030, in commit
    trans.commit(_to_root=True)
  File "<string>", line 2, in commit
  File "D:\TFG\src\.venv\Lib\site-packages\sqlalchemy\orm\state_changes.py", line 137, in _go
    ret_value = fn(self, *arg, **kw)
                ^^^^^^^^^^^^^^^^^^^^
  File "D:\TFG\src\.venv\Lib\site-packages\sqlalchemy\orm\session.py", line 1311, in commit
    self._prepare_impl()
  File "<string>", line 2, in _prepare_impl
  File "D:\TFG\src\.venv\Lib\site-packages\sqlalchemy\orm\state_changes.py", line 137, in _go
    ret_value = fn(self, *arg, **kw)
                ^^^^^^^^^^^^^^^^^^^^
  File "D:\TFG\src\.venv\Lib\site-packages\sqlalchemy\orm\session.py", line 1286, in _prepare_impl
    self.session.flush()
  File "D:\TFG\src\.venv\Lib\site-packages\sqlalchemy\orm\session.py", line 4331, in flush
    self._flush(objects)
  File "D:\TFG\src\.venv\Lib\site-packages\sqlalchemy\orm\session.py", line 4466, in _flush
    with util.safe_reraise():
  File "D:\TFG\src\.venv\Lib\site-packages\sqlalchemy\util\langhelpers.py", line 121, in __exit__
    raise exc_value.with_traceback(exc_tb)
  File "D:\TFG\src\.venv\Lib\site-packages\sqlalchemy\orm\session.py", line 4427, in _flush
    flush_context.execute()
  File "D:\TFG\src\.venv\Lib\site-packages\sqlalchemy\orm\unitofwork.py", line 466, in execute
    rec.execute(self)
  File "D:\TFG\src\.venv\Lib\site-packages\sqlalchemy\orm\unitofwork.py", line 642, in execute
    util.preloaded.orm_persistence.save_obj(
  File "D:\TFG\src\.venv\Lib\site-packages\sqlalchemy\orm\persistence.py", line 93, in save_obj
    _emit_insert_statements(
  File "D:\TFG\src\.venv\Lib\site-packages\sqlalchemy\orm\persistence.py", line 1233, in _emit_insert_statements
    result = connection.execute(
             ^^^^^^^^^^^^^^^^^^^
  File "D:\TFG\src\.venv\Lib\site-packages\sqlalchemy\engine\base.py", line 1419, in execute
    return meth(
           ^^^^^
  File "D:\TFG\src\.venv\Lib\site-packages\sqlalchemy\sql\elements.py", line 527, in _execute_on_connection
    return connection._execute_clauseelement(
           ^^^^^^^^^^^^^^^^^^^^^^^^^^^^^^^^^^
  File "D:\TFG\src\.venv\Lib\site-packages\sqlalchemy\engine\base.py", line 1641, in _execute_clauseelement
    ret = self._execute_context(
          ^^^^^^^^^^^^^^^^^^^^^^
  File "D:\TFG\src\.venv\Lib\site-packages\sqlalchemy\engine\base.py", line 1846, in _execute_context
    return self._exec_single_context(
           ^^^^^^^^^^^^^^^^^^^^^^^^^^
  File "D:\TFG\src\.venv\Lib\site-packages\sqlalchemy\engine\base.py", line 1986, in _exec_single_context
    self._handle_dbapi_exception(
  File "D:\TFG\src\.venv\Lib\site-packages\sqlalchemy\engine\base.py", line 2363, in _handle_dbapi_exception
    raise sqlalchemy_exception.with_traceback(exc_info[2]) from e
  File "D:\TFG\src\.venv\Lib\site-packages\sqlalchemy\engine\base.py", line 1967, in _exec_single_context
    self.dialect.do_execute(
  File "D:\TFG\src\.venv\Lib\site-packages\sqlalchemy\engine\default.py", line 952, in do_execute
    cursor.execute(statement, parameters)
  File "D:\TFG\src\.venv\Lib\site-packages\pymysql\cursors.py", line 153, in execute
    result = self._query(query)
             ^^^^^^^^^^^^^^^^^^
  File "D:\TFG\src\.venv\Lib\site-packages\pymysql\cursors.py", line 322, in _query
    conn.query(q)
  File "D:\TFG\src\.venv\Lib\site-packages\pymysql\connections.py", line 563, in query
    self._affected_rows = self._read_query_result(unbuffered=unbuffered)
                          ^^^^^^^^^^^^^^^^^^^^^^^^^^^^^^^^^^^^^^^^^^^^^^
  File "D:\TFG\src\.venv\Lib\site-packages\pymysql\connections.py", line 825, in _read_query_result
    result.read()
  File "D:\TFG\src\.venv\Lib\site-packages\pymysql\connections.py", line 1199, in read
    first_packet = self.connection._read_packet()
                   ^^^^^^^^^^^^^^^^^^^^^^^^^^^^^^
  File "D:\TFG\src\.venv\Lib\site-packages\pymysql\connections.py", line 775, in _read_packet
    packet.raise_for_error()
  File "D:\TFG\src\.venv\Lib\site-packages\pymysql\protocol.py", line 219, in raise_for_error
    err.raise_mysql_exception(self._data)
  File "D:\TFG\src\.venv\Lib\site-packages\pymysql\err.py", line 150, in raise_mysql_exception
    raise errorclass(errno, errval)
sqlalchemy.exc.DataError: (pymysql.err.DataError) (1265, "Data truncated for column 'tipo' at row 1")
[SQL: INSERT INTO auditoria_archivo (auditoria_id, tipo, ruta, nombre, creado_en) VALUES (%(auditoria_id)s, %(tipo)s, %(ruta)s, %(nombre)s, %(creado_en)s)]
[parameters: {'auditoria_id': 3, 'tipo': 'DOCUMENTO_ADICIONAL', 'ruta': 'D:\\TFG\\src\\audit_salarial_app\\..\\uploads\\20260519230040_Blanco_Alegre_Jesus_MO_2T_Humanes.pdf', 'nombre': 'asdasdas | 20260519230040_Blanco_Alegre_Jesus_MO_2T_Humanes.pdf', 'creado_en': datetime.datetime(2026, 5, 19, 21, 0, 40, 69016)}]
(Background on this error at: https://sqlalche.me/e/20/9h9h)
2026-05-19 23:00:40 [INFO] - 127.0.0.1 - - [19/May/2026 23:00:40] "[35m[1mPOST /admin/auditorias/3/documentos HTTP/1.1[0m" 500 -
2026-05-19 23:00:43 [INFO] - 127.0.0.1 - - [19/May/2026 23:00:43] "[32mGET /auth/logout HTTP/1.1[0m" 302 -
2026-05-19 23:00:43 [INFO] - 127.0.0.1 - - [19/May/2026 23:00:43] "GET /auth/login HTTP/1.1" 200 -
2026-05-19 23:00:59 [INFO] - Login exitoso para el usuario: cliente@demo.com (ID: 3) desde IP: 127.0.0.1
2026-05-19 23:00:59 [INFO] - 127.0.0.1 - - [19/May/2026 23:00:59] "[32mPOST /auth/login HTTP/1.1[0m" 302 -
2026-05-19 23:00:59 [INFO] - 127.0.0.1 - - [19/May/2026 23:00:59] "GET /admin/ HTTP/1.1" 200 -
2026-05-19 23:01:01 [INFO] - 127.0.0.1 - - [19/May/2026 23:01:01] "GET /admin/auditorias HTTP/1.1" 200 -
2026-05-19 23:01:03 [INFO] - 127.0.0.1 - - [19/May/2026 23:01:03] "GET /admin/calendario HTTP/1.1" 200 -
2026-05-19 23:01:03 [INFO] - 127.0.0.1 - - [19/May/2026 23:01:03] "GET /admin/api/eventos?start=2026-04-26T00:00:00+02:00&end=2026-06-07T00:00:00+02:00 HTTP/1.1" 200 -
2026-05-19 23:01:03 [INFO] - 127.0.0.1 - - [19/May/2026 23:01:03] "GET /admin/auditorias HTTP/1.1" 200 -
2026-05-19 23:01:04 [INFO] - 127.0.0.1 - - [19/May/2026 23:01:04] "GET /admin/ HTTP/1.1" 200 -
2026-05-19 23:01:09 [INFO] - 127.0.0.1 - - [19/May/2026 23:01:09] "GET /admin/auditorias/3/resultados HTTP/1.1" 200 -
2026-05-19 23:01:12 [INFO] - 127.0.0.1 - - [19/May/2026 23:01:12] "GET /admin/auditorias HTTP/1.1" 200 -
2026-05-19 23:01:14 [INFO] - 127.0.0.1 - - [19/May/2026 23:01:14] "GET /admin/auditorias?estado= HTTP/1.1" 200 -
2026-05-19 23:01:15 [INFO] - 127.0.0.1 - - [19/May/2026 23:01:15] "GET /admin/auditorias?estado= HTTP/1.1" 200 -
2026-05-19 23:01:19 [INFO] - 127.0.0.1 - - [19/May/2026 23:01:19] "GET /admin/auditorias?estado=REVISION HTTP/1.1" 200 -
2026-05-19 23:01:20 [INFO] - 127.0.0.1 - - [19/May/2026 23:01:20] "GET /admin/auditorias?estado=REVISION HTTP/1.1" 200 -
2026-05-19 23:01:21 [INFO] - 127.0.0.1 - - [19/May/2026 23:01:21] "GET /admin/auditorias?estado= HTTP/1.1" 200 -
2026-05-19 23:01:22 [INFO] - 127.0.0.1 - - [19/May/2026 23:01:22] "GET /admin/auditorias/3/resultados HTTP/1.1" 200 -
2026-05-19 23:01:25 [INFO] - 127.0.0.1 - - [19/May/2026 23:01:25] "GET /admin/auditorias/3/exportar/csv HTTP/1.1" 200 -
2026-05-19 23:11:26 [INFO] - 127.0.0.1 - - [19/May/2026 23:11:26] "GET /admin/calendario HTTP/1.1" 200 -
2026-05-19 23:11:27 [INFO] - 127.0.0.1 - - [19/May/2026 23:11:27] "GET /admin/api/eventos?start=2026-04-26T00:00:00+02:00&end=2026-06-07T00:00:00+02:00 HTTP/1.1" 200 -
2026-05-19 23:11:28 [INFO] - 127.0.0.1 - - [19/May/2026 23:11:28] "GET /admin/auditorias HTTP/1.1" 200 -
2026-05-19 23:11:30 [INFO] - 127.0.0.1 - - [19/May/2026 23:11:30] "GET /admin/ HTTP/1.1" 200 -
2026-05-19 23:11:51 [INFO] - 127.0.0.1 - - [19/May/2026 23:11:51] "GET /admin/auditorias/3/resultados HTTP/1.1" 200 -
2026-05-19 23:37:30 [INFO] - [31m[1mWARNING: This is a development server. Do not use it in a production deployment. Use a production WSGI server instead.[0m
 * Running on http://127.0.0.1:5000
2026-05-19 23:37:30 [INFO] - [33mPress CTRL+C to quit[0m
2026-05-19 23:38:51 [INFO] - 127.0.0.1 - - [19/May/2026 23:38:51] "[32mGET /auth/logout HTTP/1.1[0m" 302 -
2026-05-19 23:38:53 [INFO] - 127.0.0.1 - - [19/May/2026 23:38:53] "[32mGET /auth/logout HTTP/1.1[0m" 302 -
2026-05-19 23:38:53 [INFO] - 127.0.0.1 - - [19/May/2026 23:38:53] "GET /auth/login HTTP/1.1" 200 -
2026-05-19 23:39:51 [INFO] - Login exitoso para el usuario: admin@admin.com (ID: 1) desde IP: 127.0.0.1
2026-05-19 23:39:51 [INFO] - 127.0.0.1 - - [19/May/2026 23:39:51] "[32mPOST /auth/login HTTP/1.1[0m" 302 -
2026-05-19 23:39:51 [INFO] - 127.0.0.1 - - [19/May/2026 23:39:51] "GET /admin/ HTTP/1.1" 200 -
2026-05-19 23:39:57 [INFO] - 127.0.0.1 - - [19/May/2026 23:39:57] "GET /admin/auditorias HTTP/1.1" 200 -
2026-05-19 23:39:58 [INFO] - 127.0.0.1 - - [19/May/2026 23:39:58] "GET /admin/empresas HTTP/1.1" 200 -
2026-05-19 23:39:59 [INFO] - 127.0.0.1 - - [19/May/2026 23:39:59] "GET /admin/empresas/nueva HTTP/1.1" 200 -
2026-05-19 23:40:15 [INFO] - 127.0.0.1 - - [19/May/2026 23:40:15] "[32mPOST /admin/empresas/nueva HTTP/1.1[0m" 302 -
2026-05-19 23:40:15 [INFO] - 127.0.0.1 - - [19/May/2026 23:40:15] "GET /admin/empresas HTTP/1.1" 200 -
2026-05-19 23:40:21 [INFO] - 127.0.0.1 - - [19/May/2026 23:40:21] "GET /admin/empresas/editar/1 HTTP/1.1" 200 -
2026-05-19 23:40:23 [INFO] - 127.0.0.1 - - [19/May/2026 23:40:23] "GET /admin/empresas HTTP/1.1" 200 -
2026-05-19 23:40:26 [INFO] - 127.0.0.1 - - [19/May/2026 23:40:26] "GET /admin/users HTTP/1.1" 200 -
2026-05-19 23:40:27 [INFO] - 127.0.0.1 - - [19/May/2026 23:40:27] "GET /admin/users/nuevo HTTP/1.1" 200 -
2026-05-19 23:40:47 [INFO] - 127.0.0.1 - - [19/May/2026 23:40:47] "[32mPOST /admin/users/nuevo HTTP/1.1[0m" 302 -
2026-05-19 23:40:47 [INFO] - 127.0.0.1 - - [19/May/2026 23:40:47] "GET /admin/users HTTP/1.1" 200 -
2026-05-19 23:40:49 [INFO] - 127.0.0.1 - - [19/May/2026 23:40:49] "GET /admin/users/nuevo HTTP/1.1" 200 -
2026-05-19 23:41:08 [INFO] - 127.0.0.1 - - [19/May/2026 23:41:08] "[32mPOST /admin/users/nuevo HTTP/1.1[0m" 302 -
2026-05-19 23:41:08 [INFO] - 127.0.0.1 - - [19/May/2026 23:41:08] "GET /admin/users HTTP/1.1" 200 -
2026-05-19 23:41:13 [INFO] - 127.0.0.1 - - [19/May/2026 23:41:13] "GET /admin/users HTTP/1.1" 200 -
2026-05-19 23:41:14 [INFO] - 127.0.0.1 - - [19/May/2026 23:41:14] "GET /admin/auditorias HTTP/1.1" 200 -
2026-05-19 23:41:15 [INFO] - 127.0.0.1 - - [19/May/2026 23:41:15] "GET /admin/empresas HTTP/1.1" 200 -
2026-05-19 23:41:15 [INFO] - 127.0.0.1 - - [19/May/2026 23:41:15] "GET /admin/ HTTP/1.1" 200 -
2026-05-19 23:41:20 [INFO] - 127.0.0.1 - - [19/May/2026 23:41:20] "[32mGET /auth/logout HTTP/1.1[0m" 302 -
2026-05-19 23:41:20 [INFO] - 127.0.0.1 - - [19/May/2026 23:41:20] "GET /auth/login HTTP/1.1" 200 -
2026-05-19 23:41:25 [WARNING] - Intento de login fallido para el email: manolo@gmail.com desde IP: 127.0.0.1
2026-05-19 23:41:25 [INFO] - 127.0.0.1 - - [19/May/2026 23:41:25] "[31m[1mPOST /auth/login HTTP/1.1[0m" 401 -
2026-05-19 23:41:33 [WARNING] - Intento de login fallido para el email: manolo@gmail.com desde IP: 127.0.0.1
2026-05-19 23:41:33 [INFO] - 127.0.0.1 - - [19/May/2026 23:41:33] "[31m[1mPOST /auth/login HTTP/1.1[0m" 401 -
2026-05-19 23:41:41 [INFO] - Login exitoso para el usuario: juan@gmail.com (ID: 4) desde IP: 127.0.0.1
2026-05-19 23:41:41 [INFO] - 127.0.0.1 - - [19/May/2026 23:41:41] "[32mPOST /auth/login HTTP/1.1[0m" 302 -
2026-05-19 23:41:41 [INFO] - 127.0.0.1 - - [19/May/2026 23:41:41] "GET /admin/ HTTP/1.1" 200 -
2026-05-19 23:41:49 [INFO] - 127.0.0.1 - - [19/May/2026 23:41:49] "GET /admin/empresas HTTP/1.1" 200 -
2026-05-19 23:41:53 [INFO] - 127.0.0.1 - - [19/May/2026 23:41:53] "GET /admin/auditorias HTTP/1.1" 200 -
2026-05-19 23:41:56 [INFO] - 127.0.0.1 - - [19/May/2026 23:41:56] "GET /admin/auditorias/nueva HTTP/1.1" 200 -
2026-05-19 23:42:07 [ERROR] - Error generando alerta: (pymysql.err.DataError) (1265, "Data truncated for column 'tipo' at row 1")
[SQL: INSERT INTO alerta (auditoria_id, empresa_id, usuario_id, tipo, severidad, canal, asunto, mensaje, leida, enviada, enviada_en, creada_en) VALUES (%(auditoria_id)s, %(empresa_id)s, %(usuario_id)s, %(tipo)s, %(severidad)s, %(canal)s, %(asunto)s, %(mensaje)s, %(leida)s, %(enviada)s, %(enviada_en)s, %(creada_en)s)]
[parameters: {'auditoria_id': 4, 'empresa_id': 2, 'usuario_id': 1, 'tipo': 'BRECHA_CRITICA', 'severidad': 'CRÍTICA', 'canal': 'AMBOS', 'asunto': '¡Riesgo Crítico! Brecha > 25% detectada en Auditoría #4', 'mensaje': 'Se ha calculado una brecha media global del 16.60%. Por ley (art. 28 ET) debe ser justificada objetivamente. Revise las recomendaciones.', 'leida': 0, 'enviada': 0, 'enviada_en': None, 'creada_en': datetime.datetime(2026, 5, 19, 21, 42, 7, 192054)}]
(Background on this error at: https://sqlalche.me/e/20/9h9h)
2026-05-19 23:42:07 [INFO] - 127.0.0.1 - - [19/May/2026 23:42:07] "[32mPOST /admin/auditorias/nueva HTTP/1.1[0m" 302 -
2026-05-19 23:42:07 [INFO] - 127.0.0.1 - - [19/May/2026 23:42:07] "GET /admin/auditorias HTTP/1.1" 200 -
2026-05-19 23:42:12 [INFO] - 127.0.0.1 - - [19/May/2026 23:42:12] "GET /admin/auditorias HTTP/1.1" 200 -
2026-05-19 23:42:13 [INFO] - 127.0.0.1 - - [19/May/2026 23:42:13] "GET /admin/empresas HTTP/1.1" 200 -
2026-05-19 23:42:13 [INFO] - 127.0.0.1 - - [19/May/2026 23:42:13] "GET /admin/ HTTP/1.1" 200 -
2026-05-19 23:42:17 [INFO] - 127.0.0.1 - - [19/May/2026 23:42:17] "GET /admin/auditorias HTTP/1.1" 200 -
2026-05-19 23:42:21 [INFO] - 127.0.0.1 - - [19/May/2026 23:42:21] "GET /admin/auditorias?q=&estado= HTTP/1.1" 200 -
2026-05-19 23:42:29 [INFO] - 127.0.0.1 - - [19/May/2026 23:42:29] "GET /admin/auditorias?q=&estado= HTTP/1.1" 200 -
2026-05-19 23:42:29 [INFO] - 127.0.0.1 - - [19/May/2026 23:42:29] "GET /admin/auditorias/nueva HTTP/1.1" 200 -
2026-05-19 23:42:44 [INFO] - 127.0.0.1 - - [19/May/2026 23:42:44] "[32mPOST /admin/auditorias/nueva HTTP/1.1[0m" 302 -
2026-05-19 23:42:44 [INFO] - 127.0.0.1 - - [19/May/2026 23:42:44] "GET /admin/auditorias HTTP/1.1" 200 -
2026-05-19 23:42:47 [INFO] - 127.0.0.1 - - [19/May/2026 23:42:47] "GET /admin/empresas HTTP/1.1" 200 -
2026-05-19 23:42:51 [INFO] - 127.0.0.1 - - [19/May/2026 23:42:51] "GET /admin/ HTTP/1.1" 200 -
2026-05-19 23:42:54 [INFO] - 127.0.0.1 - - [19/May/2026 23:42:54] "[32mGET /auth/logout HTTP/1.1[0m" 302 -
2026-05-19 23:42:54 [INFO] - 127.0.0.1 - - [19/May/2026 23:42:54] "GET /auth/login HTTP/1.1" 200 -
2026-05-19 23:43:05 [WARNING] - Intento de login fallido para el email: admin@admin.com desde IP: 127.0.0.1
2026-05-19 23:43:05 [INFO] - 127.0.0.1 - - [19/May/2026 23:43:05] "[31m[1mPOST /auth/login HTTP/1.1[0m" 401 -
2026-05-19 23:43:15 [INFO] - Login exitoso para el usuario: admin@admin.com (ID: 1) desde IP: 127.0.0.1
2026-05-19 23:43:15 [INFO] - 127.0.0.1 - - [19/May/2026 23:43:15] "[32mPOST /auth/login HTTP/1.1[0m" 302 -
2026-05-19 23:43:16 [INFO] - 127.0.0.1 - - [19/May/2026 23:43:16] "GET /admin/ HTTP/1.1" 200 -
2026-05-19 23:43:19 [INFO] - 127.0.0.1 - - [19/May/2026 23:43:19] "GET /admin/empresas HTTP/1.1" 200 -
2026-05-19 23:43:22 [INFO] - 127.0.0.1 - - [19/May/2026 23:43:22] "GET /admin/empresas/editar/2 HTTP/1.1" 200 -
2026-05-19 23:43:24 [INFO] - 127.0.0.1 - - [19/May/2026 23:43:24] "GET /admin/empresas HTTP/1.1" 200 -
2026-05-19 23:43:25 [INFO] - 127.0.0.1 - - [19/May/2026 23:43:25] "GET /admin/auditorias HTTP/1.1" 200 -
2026-05-19 23:50:04 [INFO] - 127.0.0.1 - - [19/May/2026 23:50:04] "GET /admin/ HTTP/1.1" 200 -
2026-05-19 23:50:21 [INFO] - 127.0.0.1 - - [19/May/2026 23:50:21] "GET /admin/auditorias/5/resultados HTTP/1.1" 200 -
2026-05-19 23:50:26 [INFO] - 127.0.0.1 - - [19/May/2026 23:50:26] "GET /admin/auditorias/5/historico HTTP/1.1" 200 -
2026-05-19 23:51:39 [INFO] - 127.0.0.1 - - [19/May/2026 23:51:39] "GET /admin/auditorias HTTP/1.1" 200 -
2026-05-19 23:51:40 [INFO] - 127.0.0.1 - - [19/May/2026 23:51:40] "GET /admin/auditorias/5/resultados HTTP/1.1" 200 -
2026-05-19 23:51:59 [INFO] - 127.0.0.1 - - [19/May/2026 23:51:59] "[32mGET /auth/logout HTTP/1.1[0m" 302 -
2026-05-19 23:51:59 [INFO] - 127.0.0.1 - - [19/May/2026 23:51:59] "GET /auth/login HTTP/1.1" 200 -
2026-05-19 23:52:12 [INFO] - Login exitoso para el usuario: cliente@demo.com (ID: 3) desde IP: 127.0.0.1
2026-05-19 23:52:12 [INFO] - 127.0.0.1 - - [19/May/2026 23:52:12] "[32mPOST /auth/login HTTP/1.1[0m" 302 -
2026-05-19 23:52:12 [INFO] - 127.0.0.1 - - [19/May/2026 23:52:12] "GET /admin/ HTTP/1.1" 200 -
2026-05-19 23:52:25 [INFO] - 127.0.0.1 - - [19/May/2026 23:52:25] "GET /admin/auditorias/3/resultados HTTP/1.1" 200 -
2026-05-19 23:52:27 [INFO] - 127.0.0.1 - - [19/May/2026 23:52:27] "GET /admin/auditorias/3/anomalia/351/informe HTTP/1.1" 200 -
2026-05-19 23:53:34 [INFO] - [31m[1mWARNING: This is a development server. Do not use it in a production deployment. Use a production WSGI server instead.[0m
 * Running on http://127.0.0.1:5000
2026-05-19 23:53:34 [INFO] - [33mPress CTRL+C to quit[0m
2026-05-19 23:53:36 [INFO] - 127.0.0.1 - - [19/May/2026 23:53:36] "GET /admin/auditorias/3/resultados HTTP/1.1" 200 -
2026-05-19 23:55:00 [INFO] - 127.0.0.1 - - [19/May/2026 23:55:00] "[32mGET /auth/logout HTTP/1.1[0m" 302 -
2026-05-19 23:55:00 [INFO] - 127.0.0.1 - - [19/May/2026 23:55:00] "GET /auth/login HTTP/1.1" 200 -
2026-05-19 23:55:16 [INFO] - Login exitoso para el usuario: admin@admin.com (ID: 1) desde IP: 127.0.0.1
2026-05-19 23:55:16 [INFO] - 127.0.0.1 - - [19/May/2026 23:55:16] "[32mPOST /auth/login HTTP/1.1[0m" 302 -
2026-05-19 23:55:17 [INFO] - 127.0.0.1 - - [19/May/2026 23:55:17] "GET /admin/ HTTP/1.1" 200 -
2026-05-19 23:55:21 [INFO] - 127.0.0.1 - - [19/May/2026 23:55:21] "GET /admin/empresas HTTP/1.1" 200 -
2026-05-19 23:55:24 [INFO] - 127.0.0.1 - - [19/May/2026 23:55:24] "GET /admin/empresas/nueva HTTP/1.1" 200 -
2026-05-19 23:55:34 [INFO] - 127.0.0.1 - - [19/May/2026 23:55:34] "[32mPOST /admin/empresas/nueva HTTP/1.1[0m" 302 -
2026-05-19 23:55:34 [INFO] - 127.0.0.1 - - [19/May/2026 23:55:34] "GET /admin/empresas HTTP/1.1" 200 -
2026-05-19 23:55:37 [INFO] - 127.0.0.1 - - [19/May/2026 23:55:37] "[32mPOST /admin/empresas/eliminar/3 HTTP/1.1[0m" 302 -
2026-05-19 23:55:37 [INFO] - 127.0.0.1 - - [19/May/2026 23:55:37] "GET /admin/empresas HTTP/1.1" 200 -
2026-05-19 23:55:42 [INFO] - 127.0.0.1 - - [19/May/2026 23:55:42] "GET /admin/auditorias HTTP/1.1" 200 -
2026-05-19 23:55:45 [INFO] - 127.0.0.1 - - [19/May/2026 23:55:45] "GET /admin/auditorias/nueva HTTP/1.1" 200 -
2026-05-19 23:55:57 [ERROR] - Error generando alerta: (pymysql.err.DataError) (1265, "Data truncated for column 'tipo' at row 1")
[SQL: INSERT INTO alerta (auditoria_id, empresa_id, usuario_id, tipo, severidad, canal, asunto, mensaje, leida, enviada, enviada_en, creada_en) VALUES (%(auditoria_id)s, %(empresa_id)s, %(usuario_id)s, %(tipo)s, %(severidad)s, %(canal)s, %(asunto)s, %(mensaje)s, %(leida)s, %(enviada)s, %(enviada_en)s, %(creada_en)s)]
[parameters: {'auditoria_id': 6, 'empresa_id': 1, 'usuario_id': 1, 'tipo': 'BRECHA_CRITICA', 'severidad': 'CRÍTICA', 'canal': 'AMBOS', 'asunto': '¡Riesgo Crítico! Brecha > 25% detectada en Auditoría #6', 'mensaje': 'Se ha calculado una brecha media global del 16.60%. Por ley (art. 28 ET) debe ser justificada objetivamente. Revise las recomendaciones.', 'leida': 0, 'enviada': 0, 'enviada_en': None, 'creada_en': datetime.datetime(2026, 5, 19, 21, 55, 57, 857374)}]
(Background on this error at: https://sqlalche.me/e/20/9h9h)
2026-05-19 23:55:58 [INFO] - 127.0.0.1 - - [19/May/2026 23:55:58] "[32mPOST /admin/auditorias/nueva HTTP/1.1[0m" 302 -
2026-05-19 23:55:58 [INFO] - 127.0.0.1 - - [19/May/2026 23:55:58] "GET /admin/auditorias HTTP/1.1" 200 -
2026-05-19 23:56:09 [INFO] - 127.0.0.1 - - [19/May/2026 23:56:09] "GET /admin/auditorias/2/resultados HTTP/1.1" 200 -
2026-05-19 23:56:15 [INFO] - 127.0.0.1 - - [19/May/2026 23:56:15] "GET /admin/auditorias/2/anomalia/259/informe HTTP/1.1" 200 -
2026-05-19 23:56:33 [INFO] - 127.0.0.1 - - [19/May/2026 23:56:33] "GET /admin/ HTTP/1.1" 200 -
2026-05-19 23:56:34 [INFO] - 127.0.0.1 - - [19/May/2026 23:56:34] "[32mGET /auth/logout HTTP/1.1[0m" 302 -
2026-05-19 23:56:34 [INFO] - 127.0.0.1 - - [19/May/2026 23:56:34] "GET /auth/login HTTP/1.1" 200 -
2026-05-19 23:56:52 [INFO] - Login exitoso para el usuario: admin@admin.com (ID: 1) desde IP: 127.0.0.1
2026-05-19 23:56:52 [INFO] - 127.0.0.1 - - [19/May/2026 23:56:52] "[32mPOST /auth/login HTTP/1.1[0m" 302 -
2026-05-19 23:56:52 [INFO] - 127.0.0.1 - - [19/May/2026 23:56:52] "GET /admin/ HTTP/1.1" 200 -
2026-05-19 23:56:55 [INFO] - 127.0.0.1 - - [19/May/2026 23:56:55] "GET /admin/empresas HTTP/1.1" 200 -
2026-05-19 23:56:57 [INFO] - 127.0.0.1 - - [19/May/2026 23:56:57] "GET /admin/empresas/nueva HTTP/1.1" 200 -
2026-05-19 23:57:10 [ERROR] - Exception on /admin/empresas/nueva [POST]
Traceback (most recent call last):
  File "D:\TFG\src\.venv\Lib\site-packages\sqlalchemy\engine\base.py", line 1967, in _exec_single_context
    self.dialect.do_execute(
  File "D:\TFG\src\.venv\Lib\site-packages\sqlalchemy\engine\default.py", line 952, in do_execute
    cursor.execute(statement, parameters)
  File "D:\TFG\src\.venv\Lib\site-packages\pymysql\cursors.py", line 153, in execute
    result = self._query(query)
             ^^^^^^^^^^^^^^^^^^
  File "D:\TFG\src\.venv\Lib\site-packages\pymysql\cursors.py", line 322, in _query
    conn.query(q)
  File "D:\TFG\src\.venv\Lib\site-packages\pymysql\connections.py", line 563, in query
    self._affected_rows = self._read_query_result(unbuffered=unbuffered)
                          ^^^^^^^^^^^^^^^^^^^^^^^^^^^^^^^^^^^^^^^^^^^^^^
  File "D:\TFG\src\.venv\Lib\site-packages\pymysql\connections.py", line 825, in _read_query_result
    result.read()
  File "D:\TFG\src\.venv\Lib\site-packages\pymysql\connections.py", line 1199, in read
    first_packet = self.connection._read_packet()
                   ^^^^^^^^^^^^^^^^^^^^^^^^^^^^^^
  File "D:\TFG\src\.venv\Lib\site-packages\pymysql\connections.py", line 775, in _read_packet
    packet.raise_for_error()
  File "D:\TFG\src\.venv\Lib\site-packages\pymysql\protocol.py", line 219, in raise_for_error
    err.raise_mysql_exception(self._data)
  File "D:\TFG\src\.venv\Lib\site-packages\pymysql\err.py", line 150, in raise_mysql_exception
    raise errorclass(errno, errval)
pymysql.err.IntegrityError: (1062, "Duplicate entry '123123' for key 'empresa.uq_empresa_cif'")

The above exception was the direct cause of the following exception:

Traceback (most recent call last):
  File "D:\TFG\src\.venv\Lib\site-packages\flask\app.py", line 1473, in wsgi_app
    response = self.full_dispatch_request()
               ^^^^^^^^^^^^^^^^^^^^^^^^^^^^
  File "D:\TFG\src\.venv\Lib\site-packages\flask\app.py", line 882, in full_dispatch_request
    rv = self.handle_user_exception(e)
         ^^^^^^^^^^^^^^^^^^^^^^^^^^^^^
  File "D:\TFG\src\.venv\Lib\site-packages\flask\app.py", line 880, in full_dispatch_request
    rv = self.dispatch_request()
         ^^^^^^^^^^^^^^^^^^^^^^^
  File "D:\TFG\src\.venv\Lib\site-packages\flask\app.py", line 865, in dispatch_request
    return self.ensure_sync(self.view_functions[rule.endpoint])(**view_args)  # type: ignore[no-any-return]
           ^^^^^^^^^^^^^^^^^^^^^^^^^^^^^^^^^^^^^^^^^^^^^^^^^^^^^^^^^^^^^^^^^
  File "D:\TFG\src\.venv\Lib\site-packages\flask_login\utils.py", line 290, in decorated_view
    return current_app.ensure_sync(func)(*args, **kwargs)
           ^^^^^^^^^^^^^^^^^^^^^^^^^^^^^^^^^^^^^^^^^^^^^^
  File "D:\TFG\src\audit_salarial_app\auth\decorators.py", line 12, in wrapper
    return fn(*args, **kwargs)
           ^^^^^^^^^^^^^^^^^^^
  File "D:\TFG\src\audit_salarial_app\admin\routes.py", line 180, in empresa_nueva
    db.session.commit()
  File "D:\TFG\src\.venv\Lib\site-packages\sqlalchemy\orm\scoping.py", line 597, in commit
    return self._proxied.commit()
           ^^^^^^^^^^^^^^^^^^^^^^
  File "D:\TFG\src\.venv\Lib\site-packages\sqlalchemy\orm\session.py", line 2030, in commit
    trans.commit(_to_root=True)
  File "<string>", line 2, in commit
  File "D:\TFG\src\.venv\Lib\site-packages\sqlalchemy\orm\state_changes.py", line 137, in _go
    ret_value = fn(self, *arg, **kw)
                ^^^^^^^^^^^^^^^^^^^^
  File "D:\TFG\src\.venv\Lib\site-packages\sqlalchemy\orm\session.py", line 1311, in commit
    self._prepare_impl()
  File "<string>", line 2, in _prepare_impl
  File "D:\TFG\src\.venv\Lib\site-packages\sqlalchemy\orm\state_changes.py", line 137, in _go
    ret_value = fn(self, *arg, **kw)
                ^^^^^^^^^^^^^^^^^^^^
  File "D:\TFG\src\.venv\Lib\site-packages\sqlalchemy\orm\session.py", line 1286, in _prepare_impl
    self.session.flush()
  File "D:\TFG\src\.venv\Lib\site-packages\sqlalchemy\orm\session.py", line 4331, in flush
    self._flush(objects)
  File "D:\TFG\src\.venv\Lib\site-packages\sqlalchemy\orm\session.py", line 4466, in _flush
    with util.safe_reraise():
  File "D:\TFG\src\.venv\Lib\site-packages\sqlalchemy\util\langhelpers.py", line 121, in __exit__
    raise exc_value.with_traceback(exc_tb)
  File "D:\TFG\src\.venv\Lib\site-packages\sqlalchemy\orm\session.py", line 4427, in _flush
    flush_context.execute()
  File "D:\TFG\src\.venv\Lib\site-packages\sqlalchemy\orm\unitofwork.py", line 466, in execute
    rec.execute(self)
  File "D:\TFG\src\.venv\Lib\site-packages\sqlalchemy\orm\unitofwork.py", line 642, in execute
    util.preloaded.orm_persistence.save_obj(
  File "D:\TFG\src\.venv\Lib\site-packages\sqlalchemy\orm\persistence.py", line 93, in save_obj
    _emit_insert_statements(
  File "D:\TFG\src\.venv\Lib\site-packages\sqlalchemy\orm\persistence.py", line 1233, in _emit_insert_statements
    result = connection.execute(
             ^^^^^^^^^^^^^^^^^^^
  File "D:\TFG\src\.venv\Lib\site-packages\sqlalchemy\engine\base.py", line 1419, in execute
    return meth(
           ^^^^^
  File "D:\TFG\src\.venv\Lib\site-packages\sqlalchemy\sql\elements.py", line 527, in _execute_on_connection
    return connection._execute_clauseelement(
           ^^^^^^^^^^^^^^^^^^^^^^^^^^^^^^^^^^
  File "D:\TFG\src\.venv\Lib\site-packages\sqlalchemy\engine\base.py", line 1641, in _execute_clauseelement
    ret = self._execute_context(
          ^^^^^^^^^^^^^^^^^^^^^^
  File "D:\TFG\src\.venv\Lib\site-packages\sqlalchemy\engine\base.py", line 1846, in _execute_context
    return self._exec_single_context(
           ^^^^^^^^^^^^^^^^^^^^^^^^^^
  File "D:\TFG\src\.venv\Lib\site-packages\sqlalchemy\engine\base.py", line 1986, in _exec_single_context
    self._handle_dbapi_exception(
  File "D:\TFG\src\.venv\Lib\site-packages\sqlalchemy\engine\base.py", line 2363, in _handle_dbapi_exception
    raise sqlalchemy_exception.with_traceback(exc_info[2]) from e
  File "D:\TFG\src\.venv\Lib\site-packages\sqlalchemy\engine\base.py", line 1967, in _exec_single_context
    self.dialect.do_execute(
  File "D:\TFG\src\.venv\Lib\site-packages\sqlalchemy\engine\default.py", line 952, in do_execute
    cursor.execute(statement, parameters)
  File "D:\TFG\src\.venv\Lib\site-packages\pymysql\cursors.py", line 153, in execute
    result = self._query(query)
             ^^^^^^^^^^^^^^^^^^
  File "D:\TFG\src\.venv\Lib\site-packages\pymysql\cursors.py", line 322, in _query
    conn.query(q)
  File "D:\TFG\src\.venv\Lib\site-packages\pymysql\connections.py", line 563, in query
    self._affected_rows = self._read_query_result(unbuffered=unbuffered)
                          ^^^^^^^^^^^^^^^^^^^^^^^^^^^^^^^^^^^^^^^^^^^^^^
  File "D:\TFG\src\.venv\Lib\site-packages\pymysql\connections.py", line 825, in _read_query_result
    result.read()
  File "D:\TFG\src\.venv\Lib\site-packages\pymysql\connections.py", line 1199, in read
    first_packet = self.connection._read_packet()
                   ^^^^^^^^^^^^^^^^^^^^^^^^^^^^^^
  File "D:\TFG\src\.venv\Lib\site-packages\pymysql\connections.py", line 775, in _read_packet
    packet.raise_for_error()
  File "D:\TFG\src\.venv\Lib\site-packages\pymysql\protocol.py", line 219, in raise_for_error
    err.raise_mysql_exception(self._data)
  File "D:\TFG\src\.venv\Lib\site-packages\pymysql\err.py", line 150, in raise_mysql_exception
    raise errorclass(errno, errval)
sqlalchemy.exc.IntegrityError: (pymysql.err.IntegrityError) (1062, "Duplicate entry '123123' for key 'empresa.uq_empresa_cif'")
[SQL: INSERT INTO empresa (cif, nombre, num_trabajadores, email_contacto, telefono_contacto, direccion, sector_id, creada_en, activa) VALUES (%(cif)s, %(nombre)s, %(num_trabajadores)s, %(email_contacto)s, %(telefono_contacto)s, %(direccion)s, %(sector_id)s, %(creada_en)s, %(activa)s)]
[parameters: {'cif': '123123', 'nombre': 'joquin', 'num_trabajadores': 120, 'email_contacto': 'joaquibn@gmail.com', 'telefono_contacto': None, 'direccion': None, 'sector_id': None, 'creada_en': datetime.datetime(2026, 5, 19, 21, 57, 10, 508310), 'activa': 1}]
(Background on this error at: https://sqlalche.me/e/20/gkpj)
2026-05-19 23:57:11 [INFO] - 127.0.0.1 - - [19/May/2026 23:57:11] "[35m[1mPOST /admin/empresas/nueva HTTP/1.1[0m" 500 -
2026-05-20 00:50:32 [INFO] - [31m[1mWARNING: This is a development server. Do not use it in a production deployment. Use a production WSGI server instead.[0m
 * Running on http://127.0.0.1:5000
2026-05-20 00:50:32 [INFO] - [33mPress CTRL+C to quit[0m
2026-05-20 00:50:34 [INFO] - 127.0.0.1 - - [20/May/2026 00:50:34] "GET /admin/empresas/nueva HTTP/1.1" 200 -
2026-05-20 00:50:42 [INFO] - 127.0.0.1 - - [20/May/2026 00:50:42] "[32mPOST /admin/empresas/nueva HTTP/1.1[0m" 302 -
2026-05-20 00:50:42 [INFO] - 127.0.0.1 - - [20/May/2026 00:50:42] "GET /admin/empresas HTTP/1.1" 200 -
2026-05-20 00:50:44 [INFO] - 127.0.0.1 - - [20/May/2026 00:50:44] "GET /admin/empresas/nueva HTTP/1.1" 200 -
2026-05-20 00:50:50 [INFO] - 127.0.0.1 - - [20/May/2026 00:50:50] "[32mPOST /admin/empresas/nueva HTTP/1.1[0m" 302 -
2026-05-20 00:50:50 [INFO] - 127.0.0.1 - - [20/May/2026 00:50:50] "GET /admin/empresas HTTP/1.1" 200 -
2026-05-20 00:50:52 [INFO] - 127.0.0.1 - - [20/May/2026 00:50:52] "GET /admin/empresas HTTP/1.1" 200 -
2026-05-20 00:50:52 [INFO] - 127.0.0.1 - - [20/May/2026 00:50:52] "GET /admin/auditorias HTTP/1.1" 200 -
2026-05-21 08:44:51 [INFO] - [31m[1mWARNING: This is a development server. Do not use it in a production deployment. Use a production WSGI server instead.[0m
 * Running on http://127.0.0.1:5000
2026-05-21 08:44:51 [INFO] - [33mPress CTRL+C to quit[0m
2026-05-21 08:44:53 [INFO] - 127.0.0.1 - - [21/May/2026 08:44:53] "[32mGET /admin/auditorias HTTP/1.1[0m" 302 -
2026-05-21 08:44:53 [INFO] - 127.0.0.1 - - [21/May/2026 08:44:53] "GET /auth/login?next=/admin/auditorias HTTP/1.1" 200 -
2026-05-21 08:44:53 [INFO] - 127.0.0.1 - - [21/May/2026 08:44:53] "[33mGET /favicon.ico HTTP/1.1[0m" 404 -
2026-05-25 10:33:38 [INFO] - [31m[1mWARNING: This is a development server. Do not use it in a production deployment. Use a production WSGI server instead.[0m
 * Running on http://127.0.0.1:5000
2026-05-25 10:33:38 [INFO] - [33mPress CTRL+C to quit[0m
2026-05-25 10:34:42 [INFO] - 127.0.0.1 - - [25/May/2026 10:34:42] "GET /auth/login?next=/admin/auditorias HTTP/1.1" 200 -
2026-05-25 10:34:42 [INFO] - 127.0.0.1 - - [25/May/2026 10:34:42] "GET /auth/login?next=/admin/auditorias HTTP/1.1" 200 -
2026-05-25 10:34:42 [INFO] - 127.0.0.1 - - [25/May/2026 10:34:42] "[33mGET /favicon.ico HTTP/1.1[0m" 404 -
2026-05-25 10:35:39 [INFO] - Login exitoso para el usuario: admin@admin.com (ID: 1) desde IP: 127.0.0.1
2026-05-25 10:35:39 [INFO] - 127.0.0.1 - - [25/May/2026 10:35:39] "[32mPOST /auth/login?next=/admin/auditorias HTTP/1.1[0m" 302 -
2026-05-25 10:35:39 [INFO] - 127.0.0.1 - - [25/May/2026 10:35:39] "GET /admin/ HTTP/1.1" 200 -
2026-05-25 10:35:47 [INFO] - 127.0.0.1 - - [25/May/2026 10:35:47] "GET /admin/users HTTP/1.1" 200 -
2026-05-25 10:38:28 [INFO] - 127.0.0.1 - - [25/May/2026 10:38:28] "GET /admin/empresas/ver/5 HTTP/1.1" 200 -
2026-05-25 10:38:31 [INFO] - 127.0.0.1 - - [25/May/2026 10:38:31] "GET /admin/empresas/ver/1 HTTP/1.1" 200 -
2026-05-25 10:39:27 [INFO] - 127.0.0.1 - - [25/May/2026 10:39:27] "GET /admin/empresas/ver/5 HTTP/1.1" 200 -
2026-05-25 10:39:45 [INFO] - 127.0.0.1 - - [25/May/2026 10:39:45] "GET /admin/empresas HTTP/1.1" 200 -
2026-05-25 10:39:50 [INFO] - 127.0.0.1 - - [25/May/2026 10:39:50] "[32mPOST /admin/empresas/activar/3 HTTP/1.1[0m" 302 -
2026-05-25 10:39:50 [INFO] - 127.0.0.1 - - [25/May/2026 10:39:50] "GET /admin/empresas HTTP/1.1" 200 -
2026-05-25 10:39:51 [INFO] - 127.0.0.1 - - [25/May/2026 10:39:51] "[32mPOST /admin/empresas/eliminar/3 HTTP/1.1[0m" 302 -
2026-05-25 10:39:51 [INFO] - 127.0.0.1 - - [25/May/2026 10:39:51] "GET /admin/empresas HTTP/1.1" 200 -
2026-05-25 10:39:54 [INFO] - 127.0.0.1 - - [25/May/2026 10:39:54] "GET /admin/empresas/editar/3 HTTP/1.1" 200 -
2026-05-25 10:39:55 [INFO] - 127.0.0.1 - - [25/May/2026 10:39:55] "[32mPOST /admin/empresas/editar/3 HTTP/1.1[0m" 302 -
2026-05-25 10:39:55 [INFO] - 127.0.0.1 - - [25/May/2026 10:39:55] "GET /admin/empresas HTTP/1.1" 200 -
2026-05-25 10:57:09 [INFO] - 127.0.0.1 - - [25/May/2026 10:57:09] "[32mPOST /admin/empresas/eliminar/2 HTTP/1.1[0m" 302 -
2026-05-25 10:57:09 [INFO] - 127.0.0.1 - - [25/May/2026 10:57:09] "GET /admin/empresas HTTP/1.1" 200 -
2026-05-25 10:57:09 [INFO] - 127.0.0.1 - - [25/May/2026 10:57:09] "[32mPOST /admin/empresas/eliminar/1 HTTP/1.1[0m" 302 -
2026-05-25 10:57:09 [INFO] - 127.0.0.1 - - [25/May/2026 10:57:09] "GET /admin/empresas HTTP/1.1" 200 -
2026-05-25 10:57:10 [INFO] - 127.0.0.1 - - [25/May/2026 10:57:10] "[32mPOST /admin/empresas/eliminar/5 HTTP/1.1[0m" 302 -
2026-05-25 10:57:10 [INFO] - 127.0.0.1 - - [25/May/2026 10:57:10] "GET /admin/empresas HTTP/1.1" 200 -
2026-05-25 10:57:11 [INFO] - 127.0.0.1 - - [25/May/2026 10:57:11] "GET /admin/ HTTP/1.1" 200 -
2026-05-25 10:57:13 [INFO] - 127.0.0.1 - - [25/May/2026 10:57:13] "GET /admin/empresas HTTP/1.1" 200 -
2026-05-25 10:57:16 [INFO] - 127.0.0.1 - - [25/May/2026 10:57:16] "[32mPOST /admin/empresas/activar/5 HTTP/1.1[0m" 302 -
2026-05-25 10:57:16 [INFO] - 127.0.0.1 - - [25/May/2026 10:57:16] "GET /admin/empresas HTTP/1.1" 200 -
2026-05-25 10:57:17 [INFO] - 127.0.0.1 - - [25/May/2026 10:57:17] "GET /admin/ HTTP/1.1" 200 -
2026-05-25 10:57:18 [INFO] - 127.0.0.1 - - [25/May/2026 10:57:18] "GET /admin/empresas HTTP/1.1" 200 -
2026-05-25 10:57:19 [INFO] - 127.0.0.1 - - [25/May/2026 10:57:19] "[32mPOST /admin/empresas/activar/3 HTTP/1.1[0m" 302 -
2026-05-25 10:57:19 [INFO] - 127.0.0.1 - - [25/May/2026 10:57:19] "GET /admin/empresas HTTP/1.1" 200 -
2026-05-25 10:57:20 [INFO] - 127.0.0.1 - - [25/May/2026 10:57:20] "GET /admin/ HTTP/1.1" 200 -
2026-05-25 10:57:20 [INFO] - 127.0.0.1 - - [25/May/2026 10:57:20] "GET /admin/empresas HTTP/1.1" 200 -
2026-05-25 10:57:21 [INFO] - 127.0.0.1 - - [25/May/2026 10:57:21] "[32mPOST /admin/empresas/activar/2 HTTP/1.1[0m" 302 -
2026-05-25 10:57:21 [INFO] - 127.0.0.1 - - [25/May/2026 10:57:21] "GET /admin/empresas HTTP/1.1" 200 -
2026-05-25 10:57:22 [INFO] - 127.0.0.1 - - [25/May/2026 10:57:22] "[32mPOST /admin/empresas/activar/1 HTTP/1.1[0m" 302 -
2026-05-25 10:57:22 [INFO] - 127.0.0.1 - - [25/May/2026 10:57:22] "GET /admin/empresas HTTP/1.1" 200 -
2026-05-25 10:57:22 [INFO] - 127.0.0.1 - - [25/May/2026 10:57:22] "GET /admin/ HTTP/1.1" 200 -
2026-05-25 10:57:24 [INFO] - 127.0.0.1 - - [25/May/2026 10:57:24] "GET /admin/empresas HTTP/1.1" 200 -
2026-05-25 11:35:23 [INFO] - 127.0.0.1 - - [25/May/2026 11:35:23] "GET /admin/auditorias HTTP/1.1" 200 -
2026-05-25 11:35:32 [INFO] - 127.0.0.1 - - [25/May/2026 11:35:32] "GET /admin/auditorias/1/historico HTTP/1.1" 200 -
2026-05-25 11:35:34 [INFO] - 127.0.0.1 - - [25/May/2026 11:35:34] "GET /admin/auditorias HTTP/1.1" 200 -
2026-05-25 11:35:37 [INFO] - 127.0.0.1 - - [25/May/2026 11:35:37] "GET /admin/auditorias/1/resultados HTTP/1.1" 200 -
2026-05-25 12:06:06 [INFO] - [31m[1mWARNING: This is a development server. Do not use it in a production deployment. Use a production WSGI server instead.[0m
 * Running on http://127.0.0.1:5000
2026-05-25 12:06:06 [INFO] - [33mPress CTRL+C to quit[0m
2026-05-25 12:06:10 [INFO] - 127.0.0.1 - - [25/May/2026 12:06:10] "GET /admin/auditorias/1/resultados HTTP/1.1" 200 -
2026-05-25 12:06:20 [INFO] - 127.0.0.1 - - [25/May/2026 12:06:20] "GET /admin/empresas HTTP/1.1" 200 -
2026-05-25 12:06:22 [INFO] - 127.0.0.1 - - [25/May/2026 12:06:22] "GET /admin/calendario HTTP/1.1" 200 -
2026-05-25 12:06:22 [INFO] - 127.0.0.1 - - [25/May/2026 12:06:22] "GET /admin/api/eventos?start=2026-04-26T00:00:00+02:00&end=2026-06-07T00:00:00+02:00 HTTP/1.1" 200 -
2026-05-25 12:06:23 [INFO] - 127.0.0.1 - - [25/May/2026 12:06:23] "GET /admin/users HTTP/1.1" 200 -
2026-05-25 12:06:23 [INFO] - 127.0.0.1 - - [25/May/2026 12:06:23] "GET /admin/calendario HTTP/1.1" 200 -
2026-05-25 12:06:23 [INFO] - 127.0.0.1 - - [25/May/2026 12:06:23] "GET /admin/api/eventos?start=2026-04-26T00:00:00+02:00&end=2026-06-07T00:00:00+02:00 HTTP/1.1" 200 -
2026-05-25 12:06:24 [INFO] - 127.0.0.1 - - [25/May/2026 12:06:24] "GET /admin/users HTTP/1.1" 200 -
2026-05-25 12:06:29 [INFO] - 127.0.0.1 - - [25/May/2026 12:06:29] "GET /admin/users/nuevo HTTP/1.1" 200 -
2026-05-25 12:06:43 [INFO] - 127.0.0.1 - - [25/May/2026 12:06:43] "[32mPOST /admin/users/nuevo HTTP/1.1[0m" 302 -
2026-05-25 12:06:43 [INFO] - 127.0.0.1 - - [25/May/2026 12:06:43] "GET /admin/users HTTP/1.1" 200 -
2026-05-25 12:06:46 [WARNING] - Usuario 6 (asdasdas@gmail.com) ha sido desactivado por el ADMIN 1 (admin@admin.com)
2026-05-25 12:06:46 [INFO] - 127.0.0.1 - - [25/May/2026 12:06:46] "[32mPOST /admin/users/eliminar/6 HTTP/1.1[0m" 302 -
2026-05-25 12:06:46 [INFO] - 127.0.0.1 - - [25/May/2026 12:06:46] "GET /admin/users HTTP/1.1" 200 -
2026-05-25 12:06:48 [INFO] - Usuario 6 (asdasdas@gmail.com) ha sido eliminado permanentemente por el ADMIN 1 (admin@admin.com)
2026-05-25 12:06:48 [INFO] - 127.0.0.1 - - [25/May/2026 12:06:48] "[32mPOST /admin/users/borrar_permanente/6 HTTP/1.1[0m" 302 -
2026-05-25 12:06:48 [INFO] - 127.0.0.1 - - [25/May/2026 12:06:48] "GET /admin/users HTTP/1.1" 200 -
2026-05-25 12:06:49 [INFO] - 127.0.0.1 - - [25/May/2026 12:06:49] "GET /admin/users HTTP/1.1" 200 -
2026-05-25 12:06:52 [INFO] - 127.0.0.1 - - [25/May/2026 12:06:52] "GET /admin/calendario HTTP/1.1" 200 -
2026-05-25 12:06:52 [INFO] - 127.0.0.1 - - [25/May/2026 12:06:52] "GET /admin/api/eventos?start=2026-04-26T00:00:00+02:00&end=2026-06-07T00:00:00+02:00 HTTP/1.1" 200 -
2026-05-25 12:06:53 [INFO] - 127.0.0.1 - - [25/May/2026 12:06:53] "GET /admin/auditorias HTTP/1.1" 200 -
2026-05-25 12:06:54 [INFO] - 127.0.0.1 - - [25/May/2026 12:06:54] "GET /admin/empresas HTTP/1.1" 200 -
2026-05-25 12:06:55 [INFO] - 127.0.0.1 - - [25/May/2026 12:06:55] "GET /admin/auditorias HTTP/1.1" 200 -
2026-05-25 12:24:27 [INFO] - 127.0.0.1 - - [25/May/2026 12:24:27] "GET /admin/empresas HTTP/1.1" 200 -
2026-05-25 12:24:29 [INFO] - 127.0.0.1 - - [25/May/2026 12:24:29] "GET /admin/auditorias HTTP/1.1" 200 -
2026-05-25 12:24:31 [INFO] - 127.0.0.1 - - [25/May/2026 12:24:31] "GET /admin/calendario HTTP/1.1" 200 -
2026-05-25 12:24:31 [INFO] - 127.0.0.1 - - [25/May/2026 12:24:31] "GET /admin/api/eventos?start=2026-04-26T00:00:00+02:00&end=2026-06-07T00:00:00+02:00 HTTP/1.1" 200 -
2026-05-25 12:24:33 [INFO] - 127.0.0.1 - - [25/May/2026 12:24:33] "GET /admin/perfil HTTP/1.1" 200 -
2026-05-25 12:24:43 [INFO] - 127.0.0.1 - - [25/May/2026 12:24:43] "GET /admin/users HTTP/1.1" 200 -
2026-05-25 20:04:19 [INFO] - [31m[1mWARNING: This is a development server. Do not use it in a production deployment. Use a production WSGI server instead.[0m
 * Running on http://127.0.0.1:5000
2026-05-25 20:04:19 [INFO] - [33mPress CTRL+C to quit[0m
2026-05-25 20:07:45 [INFO] - [31m[1mWARNING: This is a development server. Do not use it in a production deployment. Use a production WSGI server instead.[0m
 * Running on http://127.0.0.1:5000
2026-05-25 20:07:45 [INFO] - [33mPress CTRL+C to quit[0m
2026-05-25 20:22:19 [INFO] - 127.0.0.1 - - [25/May/2026 20:22:19] "GET /admin/ HTTP/1.1" 200 -
2026-05-25 20:22:21 [INFO] - 127.0.0.1 - - [25/May/2026 20:22:21] "GET /admin/empresas/ver/5 HTTP/1.1" 200 -
2026-05-25 20:22:23 [INFO] - 127.0.0.1 - - [25/May/2026 20:22:23] "GET /admin/ HTTP/1.1" 200 -
2026-05-25 20:22:26 [INFO] - 127.0.0.1 - - [25/May/2026 20:22:26] "GET /admin/empresas HTTP/1.1" 200 -
2026-05-25 20:22:27 [INFO] - 127.0.0.1 - - [25/May/2026 20:22:27] "GET /admin/empresas/nueva HTTP/1.1" 200 -
2026-05-25 20:22:35 [INFO] - 127.0.0.1 - - [25/May/2026 20:22:35] "[32mPOST /admin/empresas/nueva HTTP/1.1[0m" 302 -
2026-05-25 20:22:35 [INFO] - 127.0.0.1 - - [25/May/2026 20:22:35] "GET /admin/empresas HTTP/1.1" 200 -
2026-05-25 20:22:37 [INFO] - 127.0.0.1 - - [25/May/2026 20:22:37] "GET /admin/auditorias HTTP/1.1" 200 -
2026-05-25 20:22:37 [INFO] - 127.0.0.1 - - [25/May/2026 20:22:37] "GET /admin/auditorias/nueva HTTP/1.1" 200 -
2026-05-25 20:23:01 [INFO] - 127.0.0.1 - - [25/May/2026 20:23:01] "GET /admin/users HTTP/1.1" 200 -
2026-05-25 20:23:11 [INFO] - 127.0.0.1 - - [25/May/2026 20:23:11] "GET /admin/users/nuevo HTTP/1.1" 200 -
2026-05-25 20:23:45 [INFO] - 127.0.0.1 - - [25/May/2026 20:23:45] "GET /admin/empresas HTTP/1.1" 200 -
2026-05-25 20:23:50 [INFO] - 127.0.0.1 - - [25/May/2026 20:23:50] "GET /admin/empresas/editar/3 HTTP/1.1" 200 -
2026-05-25 20:23:52 [INFO] - 127.0.0.1 - - [25/May/2026 20:23:52] "GET /admin/empresas HTTP/1.1" 200 -
2026-05-25 20:23:59 [INFO] - 127.0.0.1 - - [25/May/2026 20:23:59] "GET /admin/users HTTP/1.1" 200 -
2026-05-25 20:24:01 [INFO] - 127.0.0.1 - - [25/May/2026 20:24:01] "GET /admin/users/editar/3 HTTP/1.1" 200 -
2026-05-25 20:47:30 [INFO] - 127.0.0.1 - - [25/May/2026 20:47:30] "GET /admin/empresas HTTP/1.1" 200 -
2026-05-25 20:47:32 [INFO] - 127.0.0.1 - - [25/May/2026 20:47:32] "GET /admin/empresas/editar/7 HTTP/1.1" 200 -
2026-05-25 20:47:33 [INFO] - 127.0.0.1 - - [25/May/2026 20:47:33] "GET /admin/empresas HTTP/1.1" 200 -
2026-05-25 20:47:34 [INFO] - 127.0.0.1 - - [25/May/2026 20:47:34] "GET /admin/empresas/nueva HTTP/1.1" 200 -
2026-05-25 20:47:35 [INFO] - 127.0.0.1 - - [25/May/2026 20:47:35] "GET /admin/empresas HTTP/1.1" 200 -
2026-05-25 20:47:36 [INFO] - 127.0.0.1 - - [25/May/2026 20:47:36] "GET /admin/empresas HTTP/1.1" 200 -
2026-05-25 20:47:45 [INFO] - [31m[1mWARNING: This is a development server. Do not use it in a production deployment. Use a production WSGI server instead.[0m
 * Running on http://127.0.0.1:5000
2026-05-25 20:47:45 [INFO] - [33mPress CTRL+C to quit[0m
2026-05-25 20:47:48 [INFO] - 127.0.0.1 - - [25/May/2026 20:47:48] "GET /admin/empresas HTTP/1.1" 200 -
2026-05-25 20:47:50 [INFO] - 127.0.0.1 - - [25/May/2026 20:47:50] "GET /admin/empresas/editar/7 HTTP/1.1" 200 -
2026-05-25 20:47:54 [INFO] - 127.0.0.1 - - [25/May/2026 20:47:54] "GET /admin/empresas HTTP/1.1" 200 -
2026-05-25 20:47:55 [INFO] - 127.0.0.1 - - [25/May/2026 20:47:55] "GET /admin/empresas/nueva HTTP/1.1" 200 -
2026-05-25 20:57:16 [INFO] - [31m[1mWARNING: This is a development server. Do not use it in a production deployment. Use a production WSGI server instead.[0m
 * Running on http://127.0.0.1:5000
2026-05-25 20:57:16 [INFO] - [33mPress CTRL+C to quit[0m
2026-05-25 20:57:18 [INFO] - 127.0.0.1 - - [25/May/2026 20:57:18] "GET /admin/empresas HTTP/1.1" 200 -
2026-05-25 20:59:31 [INFO] - 127.0.0.1 - - [25/May/2026 20:59:31] "GET /admin/empresas HTTP/1.1" 200 -
2026-05-25 20:59:32 [INFO] - 127.0.0.1 - - [25/May/2026 20:59:32] "GET /admin/empresas/editar/7 HTTP/1.1" 200 -
2026-05-25 20:59:36 [INFO] - 127.0.0.1 - - [25/May/2026 20:59:36] "[32mPOST /admin/empresas/editar/7 HTTP/1.1[0m" 302 -
2026-05-25 20:59:37 [INFO] - 127.0.0.1 - - [25/May/2026 20:59:37] "GET /admin/empresas HTTP/1.1" 200 -
2026-05-25 20:59:38 [INFO] - 127.0.0.1 - - [25/May/2026 20:59:38] "GET /admin/empresas/editar/7 HTTP/1.1" 200 -
2026-05-25 20:59:38 [INFO] - 127.0.0.1 - - [25/May/2026 20:59:38] "GET /admin/empresas HTTP/1.1" 200 -
2026-05-25 20:59:40 [INFO] - 127.0.0.1 - - [25/May/2026 20:59:40] "GET /admin/auditorias HTTP/1.1" 200 -
2026-05-25 20:59:44 [INFO] - 127.0.0.1 - - [25/May/2026 20:59:44] "GET /admin/auditorias/editar/5 HTTP/1.1" 200 -
2026-05-25 20:59:47 [INFO] - 127.0.0.1 - - [25/May/2026 20:59:47] "GET /admin/auditorias HTTP/1.1" 200 -
2026-05-25 20:59:50 [INFO] - 127.0.0.1 - - [25/May/2026 20:59:50] "GET /admin/empresas HTTP/1.1" 200 -
2026-05-25 20:59:51 [INFO] - 127.0.0.1 - - [25/May/2026 20:59:51] "GET /admin/users HTTP/1.1" 200 -
2026-05-25 20:59:52 [INFO] - 127.0.0.1 - - [25/May/2026 20:59:52] "GET /admin/users/editar/3 HTTP/1.1" 200 -
2026-05-25 21:04:10 [INFO] - 127.0.0.1 - - [25/May/2026 21:04:10] "GET /admin/users HTTP/1.1" 200 -
2026-05-25 21:04:18 [INFO] - [31m[1mWARNING: This is a development server. Do not use it in a production deployment. Use a production WSGI server instead.[0m
 * Running on http://127.0.0.1:5000
2026-05-25 21:04:18 [INFO] - [33mPress CTRL+C to quit[0m
2026-05-25 21:04:20 [INFO] - 127.0.0.1 - - [25/May/2026 21:04:20] "GET /admin/users HTTP/1.1" 200 -
2026-05-25 21:04:21 [INFO] - 127.0.0.1 - - [25/May/2026 21:04:21] "GET /admin/users/editar/4 HTTP/1.1" 200 -
2026-05-25 21:04:22 [INFO] - 127.0.0.1 - - [25/May/2026 21:04:22] "GET /admin/users/editar/4 HTTP/1.1" 200 -
2026-05-25 21:09:29 [INFO] - 127.0.0.1 - - [25/May/2026 21:09:29] "GET /admin/calendario HTTP/1.1" 200 -
2026-05-25 21:09:29 [INFO] - 127.0.0.1 - - [25/May/2026 21:09:29] "GET /admin/api/eventos?start=2026-04-26T00:00:00+02:00&end=2026-06-07T00:00:00+02:00 HTTP/1.1" 200 -
2026-05-25 21:09:33 [INFO] - 127.0.0.1 - - [25/May/2026 21:09:33] "GET /admin/empresas HTTP/1.1" 200 -
2026-05-25 21:09:33 [INFO] - 127.0.0.1 - - [25/May/2026 21:09:33] "GET /admin/auditorias HTTP/1.1" 200 -
2026-05-25 21:09:35 [INFO] - 127.0.0.1 - - [25/May/2026 21:09:35] "GET /admin/auditorias/5/resultados HTTP/1.1" 200 -
2026-05-25 21:15:02 [INFO] - 127.0.0.1 - - [25/May/2026 21:15:02] "GET /admin/auditorias/5/resultados HTTP/1.1" 200 -
2026-05-25 21:15:30 [INFO] - 127.0.0.1 - - [25/May/2026 21:15:30] "GET /admin/auditorias/5/plan HTTP/1.1" 200 -
2026-05-25 21:24:36 [INFO] - [31m[1mWARNING: This is a development server. Do not use it in a production deployment. Use a production WSGI server instead.[0m
 * Running on http://127.0.0.1:5000
2026-05-25 21:24:36 [INFO] - [33mPress CTRL+C to quit[0m
2026-05-25 21:24:50 [INFO] - 127.0.0.1 - - [25/May/2026 21:24:50] "GET /admin/auditorias/5/plan HTTP/1.1" 200 -
2026-05-25 21:24:58 [INFO] - 127.0.0.1 - - [25/May/2026 21:24:58] "[32mPOST /admin/auditorias/5/recomendacion/5/aplicar HTTP/1.1[0m" 302 -
2026-05-25 21:24:58 [INFO] - 127.0.0.1 - - [25/May/2026 21:24:58] "GET /admin/auditorias/5/plan HTTP/1.1" 200 -
2026-05-25 21:30:29 [INFO] - [31m[1mWARNING: This is a development server. Do not use it in a production deployment. Use a production WSGI server instead.[0m
 * Running on http://127.0.0.1:5000
2026-05-25 21:30:29 [INFO] - [33mPress CTRL+C to quit[0m
2026-05-25 21:30:32 [INFO] - 127.0.0.1 - - [25/May/2026 21:30:32] "GET /admin/auditorias/5/plan HTTP/1.1" 200 -
2026-05-25 21:30:34 [INFO] - 127.0.0.1 - - [25/May/2026 21:30:34] "GET /admin/calendario HTTP/1.1" 200 -
2026-05-25 21:30:34 [INFO] - 127.0.0.1 - - [25/May/2026 21:30:34] "GET /admin/api/eventos?start=2026-04-26T00:00:00+02:00&end=2026-06-07T00:00:00+02:00 HTTP/1.1" 200 -
2026-05-25 21:34:02 [INFO] - [31m[1mWARNING: This is a development server. Do not use it in a production deployment. Use a production WSGI server instead.[0m
 * Running on http://127.0.0.1:5000
2026-05-25 21:34:02 [INFO] - [33mPress CTRL+C to quit[0m
2026-05-25 21:35:55 [INFO] - Login exitoso para el usuario: admin@example.com (ID: 1) desde IP: 127.0.0.1
2026-05-25 21:35:55 [WARNING] - Usuario 2 (client@example.com) ha sido desactivado por el ADMIN 1 (admin@example.com)
2026-05-25 21:35:55 [INFO] - Usuario 2 (client@example.com) ha sido activado por el ADMIN 1 (admin@example.com)
2026-05-25 21:35:55 [WARNING] - Usuario 2 (client@example.com) ha sido desactivado por el ADMIN 1 (admin@example.com)
2026-05-25 21:35:55 [INFO] - Usuario 2 (client@example.com) ha sido eliminado permanentemente por el ADMIN 1 (admin@example.com)
2026-05-25 21:35:56 [INFO] - Login exitoso para el usuario: admin@example.com (ID: 1) desde IP: 127.0.0.1
2026-05-25 21:35:56 [INFO] - Login exitoso para el usuario: admin@example.com (ID: 1) desde IP: 127.0.0.1
2026-05-25 21:35:57 [INFO] - Login exitoso para el usuario: auditor@example.com (ID: 2) desde IP: 127.0.0.1
2026-05-25 21:35:57 [INFO] - Login exitoso para el usuario: auditor@example.com (ID: 2) desde IP: 127.0.0.1
2026-05-25 21:35:57 [INFO] - Login exitoso para el usuario: auditor@example.com (ID: 2) desde IP: 127.0.0.1
2026-05-25 21:35:57 [INFO] - Login exitoso para el usuario: admin@example.com (ID: 1) desde IP: 127.0.0.1
2026-05-25 21:35:57 [INFO] - Login exitoso para el usuario: admin@example.com (ID: 1) desde IP: 127.0.0.1
2026-05-25 21:35:57 [INFO] - Login exitoso para el usuario: admin@example.com (ID: 1) desde IP: 127.0.0.1
2026-05-25 21:35:59 [WARNING] - Intento de login bloqueado (usuario inactivo) para: test@example.com desde IP: 127.0.0.1
2026-05-25 21:35:59 [WARNING] - Intento de login bloqueado (usuario inactivo) para: test@example.com desde IP: 127.0.0.1
2026-05-25 21:35:59 [WARNING] - Intento de login bloqueado (usuario inactivo) para: test@example.com desde IP: 127.0.0.1
2026-05-25 21:35:59 [WARNING] - Intento de login bloqueado (usuario inactivo) para: test@example.com desde IP: 127.0.0.1
2026-05-25 21:35:59 [WARNING] - Intento de login bloqueado (usuario inactivo) para: test@example.com desde IP: 127.0.0.1
2026-05-25 21:35:59 [INFO] - Login exitoso para el usuario: test@example.com (ID: 1) desde IP: 127.0.0.1
2026-05-25 21:35:59 [INFO] - Login exitoso para el usuario: test@example.com (ID: 1) desde IP: 127.0.0.1
2026-05-25 21:35:59 [INFO] - Login exitoso para el usuario: test@example.com (ID: 1) desde IP: 127.0.0.1
2026-05-25 21:35:59 [INFO] - Login exitoso para el usuario: test@example.com (ID: 1) desde IP: 127.0.0.1
2026-05-25 21:35:59 [INFO] - Login exitoso para el usuario: test@example.com (ID: 1) desde IP: 127.0.0.1
2026-05-25 21:35:59 [INFO] - Login exitoso para el usuario: test@example.com (ID: 1) desde IP: 127.0.0.1
2026-05-25 21:36:42 [INFO] - Login exitoso para el usuario: admin@example.com (ID: 1) desde IP: 127.0.0.1
2026-05-25 21:36:42 [WARNING] - Usuario 2 (client@example.com) ha sido desactivado por el ADMIN 1 (admin@example.com)
2026-05-25 21:36:42 [INFO] - Usuario 2 (client@example.com) ha sido activado por el ADMIN 1 (admin@example.com)
2026-05-25 21:36:42 [WARNING] - Usuario 2 (client@example.com) ha sido desactivado por el ADMIN 1 (admin@example.com)
2026-05-25 21:36:42 [INFO] - Usuario 2 (client@example.com) ha sido eliminado permanentemente por el ADMIN 1 (admin@example.com)
2026-05-25 21:36:43 [INFO] - Login exitoso para el usuario: admin@example.com (ID: 1) desde IP: 127.0.0.1
2026-05-25 21:36:43 [INFO] - Login exitoso para el usuario: admin@example.com (ID: 1) desde IP: 127.0.0.1
2026-05-25 21:36:45 [INFO] - Login exitoso para el usuario: auditor@example.com (ID: 2) desde IP: 127.0.0.1
2026-05-25 21:36:45 [INFO] - Login exitoso para el usuario: auditor@example.com (ID: 2) desde IP: 127.0.0.1
2026-05-25 21:36:45 [INFO] - Login exitoso para el usuario: auditor@example.com (ID: 2) desde IP: 127.0.0.1
2026-05-25 21:36:46 [INFO] - Login exitoso para el usuario: admin@example.com (ID: 1) desde IP: 127.0.0.1
2026-05-25 21:36:46 [INFO] - Login exitoso para el usuario: admin@example.com (ID: 1) desde IP: 127.0.0.1
2026-05-25 21:36:46 [INFO] - Login exitoso para el usuario: admin@example.com (ID: 1) desde IP: 127.0.0.1
2026-05-25 21:36:47 [WARNING] - Intento de login bloqueado (usuario inactivo) para: test@example.com desde IP: 127.0.0.1
2026-05-25 21:36:47 [WARNING] - Intento de login bloqueado (usuario inactivo) para: test@example.com desde IP: 127.0.0.1
2026-05-25 21:36:47 [WARNING] - Intento de login bloqueado (usuario inactivo) para: test@example.com desde IP: 127.0.0.1
2026-05-25 21:36:47 [WARNING] - Intento de login bloqueado (usuario inactivo) para: test@example.com desde IP: 127.0.0.1
2026-05-25 21:36:47 [WARNING] - Intento de login bloqueado (usuario inactivo) para: test@example.com desde IP: 127.0.0.1
2026-05-25 21:36:48 [INFO] - Login exitoso para el usuario: test@example.com (ID: 1) desde IP: 127.0.0.1
2026-05-25 21:36:48 [INFO] - Login exitoso para el usuario: test@example.com (ID: 1) desde IP: 127.0.0.1
2026-05-25 21:36:48 [INFO] - Login exitoso para el usuario: test@example.com (ID: 1) desde IP: 127.0.0.1
2026-05-25 21:36:48 [INFO] - Login exitoso para el usuario: test@example.com (ID: 1) desde IP: 127.0.0.1
2026-05-25 21:36:48 [INFO] - Login exitoso para el usuario: test@example.com (ID: 1) desde IP: 127.0.0.1
2026-05-25 21:36:48 [INFO] - Login exitoso para el usuario: test@example.com (ID: 1) desde IP: 127.0.0.1
2026-05-25 21:41:20 [INFO] - [31m[1mWARNING: This is a development server. Do not use it in a production deployment. Use a production WSGI server instead.[0m
 * Running on http://127.0.0.1:5000
2026-05-25 21:41:20 [INFO] - [33mPress CTRL+C to quit[0m
2026-05-25 21:41:22 [INFO] - 127.0.0.1 - - [25/May/2026 21:41:22] "GET /admin/auditorias/5/plan HTTP/1.1" 200 -
2026-05-25 21:41:33 [INFO] - 127.0.0.1 - - [25/May/2026 21:41:33] "GET /admin/auditorias/5/resultados HTTP/1.1" 200 -
2026-05-25 21:41:35 [INFO] - 127.0.0.1 - - [25/May/2026 21:41:35] "GET /admin/auditorias/5/exportar/csv HTTP/1.1" 200 -
2026-05-25 21:41:51 [INFO] - 127.0.0.1 - - [25/May/2026 21:41:51] "GET /admin/auditorias/5/exportar/csv HTTP/1.1" 200 -
2026-05-25 21:42:02 [INFO] - 127.0.0.1 - - [25/May/2026 21:42:02] "GET /admin/auditorias/5/exportar/csv HTTP/1.1" 200 -
2026-05-25 21:47:11 [INFO] - 127.0.0.1 - - [25/May/2026 21:47:11] "GET /admin/auditorias/5/plan HTTP/1.1" 200 -
2026-05-25 21:47:21 [INFO] - 127.0.0.1 - - [25/May/2026 21:47:21] "[32mPOST /admin/auditorias/5/plan HTTP/1.1[0m" 302 -
2026-05-25 21:47:21 [INFO] - 127.0.0.1 - - [25/May/2026 21:47:21] "GET /admin/auditorias/5/plan HTTP/1.1" 200 -
2026-05-25 21:47:25 [INFO] - 127.0.0.1 - - [25/May/2026 21:47:25] "GET /admin/auditorias/5/chat/vista HTTP/1.1" 200 -
2026-05-25 21:47:28 [INFO] - 127.0.0.1 - - [25/May/2026 21:47:28] "GET /admin/auditorias/5/vpt HTTP/1.1" 200 -
2026-05-25 21:47:29 [INFO] - 127.0.0.1 - - [25/May/2026 21:47:29] "GET /admin/auditorias/5/vpt HTTP/1.1" 200 -
2026-05-25 21:47:31 [INFO] - 127.0.0.1 - - [25/May/2026 21:47:31] "GET /admin/auditorias/5/vpt HTTP/1.1" 200 -
2026-05-25 21:47:35 [INFO] - 127.0.0.1 - - [25/May/2026 21:47:35] "GET /admin/auditorias/5/chat?after=0 HTTP/1.1" 200 -
2026-05-25 21:47:35 [INFO] - 127.0.0.1 - - [25/May/2026 21:47:35] "GET /admin/auditorias/5/chat?after=0 HTTP/1.1" 200 -
2026-05-25 21:47:49 [INFO] - 127.0.0.1 - - [25/May/2026 21:47:49] "[32mPOST /admin/auditorias/5/vpt HTTP/1.1[0m" 302 -
2026-05-25 21:47:49 [INFO] - 127.0.0.1 - - [25/May/2026 21:47:49] "GET /admin/auditorias/5/vpt HTTP/1.1" 200 -
2026-05-25 21:47:56 [INFO] - 127.0.0.1 - - [25/May/2026 21:47:56] "GET /admin/auditorias/5/documentos HTTP/1.1" 200 -
2026-05-25 21:47:57 [INFO] - 127.0.0.1 - - [25/May/2026 21:47:57] "GET /admin/auditorias/5/historico HTTP/1.1" 200 -
2026-05-25 21:47:59 [INFO] - 127.0.0.1 - - [25/May/2026 21:47:59] "GET /admin/auditorias/5/resultados HTTP/1.1" 200 -
2026-05-25 21:48:09 [INFO] - 127.0.0.1 - - [25/May/2026 21:48:09] "GET /admin/auditorias/5/plan HTTP/1.1" 200 -
2026-05-25 21:48:16 [INFO] - 127.0.0.1 - - [25/May/2026 21:48:16] "GET /admin/auditorias/5/plan/exportar HTTP/1.1" 200 -
2026-05-25 21:48:16 [INFO] - 127.0.0.1 - - [25/May/2026 21:48:16] "GET /admin/auditorias/5/plan/exportar HTTP/1.1" 200 -
2026-05-25 21:48:47 [INFO] - 127.0.0.1 - - [25/May/2026 21:48:47] "GET /admin/auditorias/5/vpt HTTP/1.1" 200 -
2026-05-25 21:49:12 [INFO] - 127.0.0.1 - - [25/May/2026 21:49:12] "[32mPOST /admin/auditorias/5/vpt HTTP/1.1[0m" 302 -
2026-05-25 21:49:12 [INFO] - 127.0.0.1 - - [25/May/2026 21:49:12] "GET /admin/auditorias/5/vpt HTTP/1.1" 200 -
2026-05-25 21:49:19 [INFO] - 127.0.0.1 - - [25/May/2026 21:49:19] "GET /admin/auditorias/5/documentos HTTP/1.1" 200 -
2026-05-25 21:49:26 [INFO] - 127.0.0.1 - - [25/May/2026 21:49:26] "[32mPOST /admin/auditorias/5/documentos HTTP/1.1[0m" 302 -
2026-05-25 21:49:26 [INFO] - 127.0.0.1 - - [25/May/2026 21:49:26] "GET /admin/auditorias/5/documentos HTTP/1.1" 200 -
2026-05-25 21:49:29 [INFO] - 127.0.0.1 - - [25/May/2026 21:49:29] "GET /admin/auditorias/5/historico HTTP/1.1" 200 -
2026-05-25 21:49:49 [INFO] - 127.0.0.1 - - [25/May/2026 21:49:49] "GET /admin/auditorias/5/resultados HTTP/1.1" 200 -
2026-05-25 21:50:40 [INFO] - 127.0.0.1 - - [25/May/2026 21:50:40] "GET /admin/auditorias/5/vpt HTTP/1.1" 200 -
2026-05-25 21:50:43 [INFO] - 127.0.0.1 - - [25/May/2026 21:50:43] "GET /admin/auditorias/5/plan HTTP/1.1" 200 -
2026-05-25 21:51:04 [INFO] - 127.0.0.1 - - [25/May/2026 21:51:04] "GET /admin/auditorias/5/resultados HTTP/1.1" 200 -
2026-05-25 21:51:10 [INFO] - 127.0.0.1 - - [25/May/2026 21:51:10] "GET /admin/auditorias HTTP/1.1" 200 -
2026-05-25 21:51:15 [INFO] - 127.0.0.1 - - [25/May/2026 21:51:15] "GET /admin/auditorias/editar/3 HTTP/1.1" 200 -
2026-05-25 21:51:20 [INFO] - 127.0.0.1 - - [25/May/2026 21:51:20] "[32mPOST /admin/auditorias/editar/3 HTTP/1.1[0m" 302 -
2026-05-25 21:51:20 [INFO] - 127.0.0.1 - - [25/May/2026 21:51:20] "GET /admin/auditorias HTTP/1.1" 200 -
2026-05-25 21:52:46 [INFO] - 127.0.0.1 - - [25/May/2026 21:52:46] "[32mGET /auth/logout HTTP/1.1[0m" 302 -
2026-05-25 21:52:46 [INFO] - 127.0.0.1 - - [25/May/2026 21:52:46] "GET /auth/login HTTP/1.1" 200 -
2026-05-25 21:53:41 [INFO] - Login exitoso para el usuario: auditor@demo.com (ID: 2) desde IP: 127.0.0.1
2026-05-25 21:53:41 [INFO] - 127.0.0.1 - - [25/May/2026 21:53:41] "[32mPOST /auth/login HTTP/1.1[0m" 302 -
2026-05-25 21:53:41 [INFO] - 127.0.0.1 - - [25/May/2026 21:53:41] "GET /admin/ HTTP/1.1" 200 -
2026-05-25 21:53:47 [INFO] - 127.0.0.1 - - [25/May/2026 21:53:47] "GET /admin/empresas HTTP/1.1" 200 -
2026-05-25 21:53:52 [INFO] - 127.0.0.1 - - [25/May/2026 21:53:52] "GET /admin/auditorias HTTP/1.1" 200 -
2026-05-25 21:53:55 [INFO] - 127.0.0.1 - - [25/May/2026 21:53:55] "GET /admin/auditorias/3/resultados HTTP/1.1" 200 -
2026-05-25 21:54:08 [INFO] - 127.0.0.1 - - [25/May/2026 21:54:08] "[32mGET /auth/logout HTTP/1.1[0m" 302 -
2026-05-25 21:54:08 [INFO] - 127.0.0.1 - - [25/May/2026 21:54:08] "GET /auth/login HTTP/1.1" 200 -
2026-05-25 21:54:15 [INFO] - Login exitoso para el usuario: cliente@demo.com (ID: 3) desde IP: 127.0.0.1
2026-05-25 21:54:15 [INFO] - 127.0.0.1 - - [25/May/2026 21:54:15] "[32mPOST /auth/login HTTP/1.1[0m" 302 -
2026-05-25 21:54:15 [INFO] - 127.0.0.1 - - [25/May/2026 21:54:15] "GET /admin/ HTTP/1.1" 200 -
2026-05-25 21:54:18 [INFO] - 127.0.0.1 - - [25/May/2026 21:54:18] "GET /admin/auditorias HTTP/1.1" 200 -
2026-05-25 21:54:18 [INFO] - 127.0.0.1 - - [25/May/2026 21:54:18] "GET /admin/calendario HTTP/1.1" 200 -
2026-05-25 21:54:18 [INFO] - 127.0.0.1 - - [25/May/2026 21:54:18] "GET /admin/api/eventos?start=2026-04-26T00:00:00+02:00&end=2026-06-07T00:00:00+02:00 HTTP/1.1" 200 -
2026-05-25 21:54:19 [INFO] - 127.0.0.1 - - [25/May/2026 21:54:19] "GET /admin/auditorias HTTP/1.1" 200 -
2026-05-25 21:54:20 [INFO] - 127.0.0.1 - - [25/May/2026 21:54:20] "GET /admin/ HTTP/1.1" 200 -
2026-05-25 21:54:23 [INFO] - 127.0.0.1 - - [25/May/2026 21:54:23] "GET /admin/ HTTP/1.1" 200 -
2026-05-25 21:54:24 [INFO] - 127.0.0.1 - - [25/May/2026 21:54:24] "GET /admin/auditorias HTTP/1.1" 200 -
2026-05-25 21:54:25 [INFO] - 127.0.0.1 - - [25/May/2026 21:54:25] "GET /admin/auditorias/3/resultados HTTP/1.1" 200 -
2026-05-25 21:54:45 [INFO] - 127.0.0.1 - - [25/May/2026 21:54:45] "GET /admin/auditorias/3/resultados HTTP/1.1" 200 -
2026-05-25 21:54:57 [INFO] - 127.0.0.1 - - [25/May/2026 21:54:57] "GET /admin/auditorias/3/plan HTTP/1.1" 200 -
2026-05-25 22:00:24 [INFO] - Login exitoso para el usuario: admin@example.com (ID: 1) desde IP: 127.0.0.1
2026-05-25 22:00:24 [WARNING] - Usuario 2 (client@example.com) ha sido desactivado por el ADMIN 1 (admin@example.com)
2026-05-25 22:00:24 [INFO] - Usuario 2 (client@example.com) ha sido activado por el ADMIN 1 (admin@example.com)
2026-05-25 22:00:24 [WARNING] - Usuario 2 (client@example.com) ha sido desactivado por el ADMIN 1 (admin@example.com)
2026-05-25 22:00:24 [INFO] - Usuario 2 (client@example.com) ha sido eliminado permanentemente por el ADMIN 1 (admin@example.com)
2026-05-25 22:00:24 [INFO] - Login exitoso para el usuario: admin@example.com (ID: 1) desde IP: 127.0.0.1
2026-05-25 22:00:24 [INFO] - Login exitoso para el usuario: admin@example.com (ID: 1) desde IP: 127.0.0.1
2026-05-25 22:00:25 [INFO] - Login exitoso para el usuario: auditor@example.com (ID: 2) desde IP: 127.0.0.1
2026-05-25 22:00:25 [INFO] - Login exitoso para el usuario: auditor@example.com (ID: 2) desde IP: 127.0.0.1
2026-05-25 22:00:25 [INFO] - Login exitoso para el usuario: auditor@example.com (ID: 2) desde IP: 127.0.0.1
2026-05-25 22:00:26 [INFO] - Login exitoso para el usuario: admin@example.com (ID: 1) desde IP: 127.0.0.1
2026-05-25 22:00:26 [INFO] - Login exitoso para el usuario: admin@example.com (ID: 1) desde IP: 127.0.0.1
2026-05-25 22:00:26 [INFO] - Login exitoso para el usuario: admin@example.com (ID: 1) desde IP: 127.0.0.1
2026-05-25 22:00:27 [WARNING] - Intento de login bloqueado (usuario inactivo) para: test@example.com desde IP: 127.0.0.1
2026-05-25 22:00:27 [WARNING] - Intento de login bloqueado (usuario inactivo) para: test@example.com desde IP: 127.0.0.1
2026-05-25 22:00:27 [WARNING] - Intento de login bloqueado (usuario inactivo) para: test@example.com desde IP: 127.0.0.1
2026-05-25 22:00:27 [WARNING] - Intento de login bloqueado (usuario inactivo) para: test@example.com desde IP: 127.0.0.1
2026-05-25 22:00:27 [WARNING] - Intento de login bloqueado (usuario inactivo) para: test@example.com desde IP: 127.0.0.1
2026-05-25 22:00:28 [INFO] - Login exitoso para el usuario: test@example.com (ID: 1) desde IP: 127.0.0.1
2026-05-25 22:00:28 [INFO] - Login exitoso para el usuario: test@example.com (ID: 1) desde IP: 127.0.0.1
2026-05-25 22:00:28 [INFO] - Login exitoso para el usuario: test@example.com (ID: 1) desde IP: 127.0.0.1
2026-05-25 22:00:28 [INFO] - Login exitoso para el usuario: test@example.com (ID: 1) desde IP: 127.0.0.1
2026-05-25 22:00:28 [INFO] - Login exitoso para el usuario: test@example.com (ID: 1) desde IP: 127.0.0.1
2026-05-25 22:00:28 [INFO] - Login exitoso para el usuario: test@example.com (ID: 1) desde IP: 127.0.0.1
2026-05-25 22:01:29 [INFO] - [31m[1mWARNING: This is a development server. Do not use it in a production deployment. Use a production WSGI server instead.[0m
 * Running on http://127.0.0.1:5000
2026-05-25 22:01:29 [INFO] - [33mPress CTRL+C to quit[0m
2026-05-25 22:10:46 [INFO] - [31m[1mWARNING: This is a development server. Do not use it in a production deployment. Use a production WSGI server instead.[0m
 * Running on http://127.0.0.1:5000
2026-05-25 22:10:46 [INFO] - [33mPress CTRL+C to quit[0m
2026-05-25 22:10:51 [INFO] - 127.0.0.1 - - [25/May/2026 22:10:51] "GET /admin/auditorias/3/resultados HTTP/1.1" 200 -
2026-05-25 22:10:54 [INFO] - 127.0.0.1 - - [25/May/2026 22:10:54] "[32mGET /auth/logout HTTP/1.1[0m" 302 -
2026-05-25 22:10:55 [INFO] - 127.0.0.1 - - [25/May/2026 22:10:55] "GET /auth/login HTTP/1.1" 200 -
2026-05-25 22:11:04 [INFO] - Login exitoso para el usuario: cliente@demo.com (ID: 3) desde IP: 127.0.0.1
2026-05-25 22:11:04 [INFO] - 127.0.0.1 - - [25/May/2026 22:11:04] "[32mPOST /auth/login HTTP/1.1[0m" 302 -
2026-05-25 22:11:04 [INFO] - 127.0.0.1 - - [25/May/2026 22:11:04] "GET /admin/ HTTP/1.1" 200 -
2026-05-25 22:11:09 [INFO] - 127.0.0.1 - - [25/May/2026 22:11:09] "GET /admin/auditorias HTTP/1.1" 200 -
2026-05-25 22:11:11 [INFO] - 127.0.0.1 - - [25/May/2026 22:11:11] "GET /admin/ HTTP/1.1" 200 -
2026-05-25 22:11:15 [INFO] - 127.0.0.1 - - [25/May/2026 22:11:15] "GET /admin/auditorias/6/resultados HTTP/1.1" 200 -
2026-05-25 22:11:18 [INFO] - 127.0.0.1 - - [25/May/2026 22:11:18] "GET /admin/auditorias/3/resultados HTTP/1.1" 200 -
2026-05-25 22:11:24 [INFO] - 127.0.0.1 - - [25/May/2026 22:11:24] "GET /admin/auditorias/3/chat/vista HTTP/1.1" 200 -
2026-05-25 22:11:28 [INFO] - 127.0.0.1 - - [25/May/2026 22:11:28] "GET /admin/auditorias/3/plan HTTP/1.1" 200 -
2026-05-25 22:11:28 [INFO] - 127.0.0.1 - - [25/May/2026 22:11:28] "GET /admin/auditorias/3/plan HTTP/1.1" 200 -
2026-05-25 22:11:29 [INFO] - 127.0.0.1 - - [25/May/2026 22:11:29] "GET /admin/auditorias/3/chat?after=0 HTTP/1.1" 200 -
2026-05-25 22:11:30 [INFO] - 127.0.0.1 - - [25/May/2026 22:11:30] "GET /admin/auditorias/3/plan HTTP/1.1" 200 -
2026-05-25 22:11:38 [INFO] - 127.0.0.1 - - [25/May/2026 22:11:38] "GET /admin/auditorias/3/vpt HTTP/1.1" 200 -
2026-05-25 22:11:40 [INFO] - 127.0.0.1 - - [25/May/2026 22:11:40] "GET /admin/auditorias/3/documentos HTTP/1.1" 200 -
2026-05-25 22:11:41 [INFO] - 127.0.0.1 - - [25/May/2026 22:11:41] "GET /admin/auditorias/3/historico HTTP/1.1" 200 -
2026-05-25 22:11:41 [INFO] - 127.0.0.1 - - [25/May/2026 22:11:41] "GET /admin/auditorias/3/plan HTTP/1.1" 200 -
2026-05-25 22:11:42 [INFO] - 127.0.0.1 - - [25/May/2026 22:11:42] "GET /admin/auditorias/3/chat/vista HTTP/1.1" 200 -
2026-05-25 22:11:42 [INFO] - 127.0.0.1 - - [25/May/2026 22:11:42] "GET /admin/auditorias/3/chat?after=0 HTTP/1.1" 200 -
2026-05-25 22:11:42 [INFO] - 127.0.0.1 - - [25/May/2026 22:11:42] "GET /admin/auditorias/3/resultados HTTP/1.1" 200 -
2026-05-25 22:12:32 [INFO] - Login exitoso para el usuario: admin@example.com (ID: 1) desde IP: 127.0.0.1
2026-05-25 22:12:32 [WARNING] - Usuario 2 (client@example.com) ha sido desactivado por el ADMIN 1 (admin@example.com)
2026-05-25 22:12:32 [INFO] - Usuario 2 (client@example.com) ha sido activado por el ADMIN 1 (admin@example.com)
2026-05-25 22:12:32 [WARNING] - Usuario 2 (client@example.com) ha sido desactivado por el ADMIN 1 (admin@example.com)
2026-05-25 22:12:32 [INFO] - Usuario 2 (client@example.com) ha sido eliminado permanentemente por el ADMIN 1 (admin@example.com)
2026-05-25 22:12:32 [INFO] - Login exitoso para el usuario: admin@example.com (ID: 1) desde IP: 127.0.0.1
2026-05-25 22:12:32 [INFO] - Login exitoso para el usuario: admin@example.com (ID: 1) desde IP: 127.0.0.1
2026-05-25 22:12:33 [INFO] - Login exitoso para el usuario: auditor@example.com (ID: 2) desde IP: 127.0.0.1
2026-05-25 22:12:33 [INFO] - Login exitoso para el usuario: auditor@example.com (ID: 2) desde IP: 127.0.0.1
2026-05-25 22:12:33 [INFO] - Login exitoso para el usuario: auditor@example.com (ID: 2) desde IP: 127.0.0.1
2026-05-25 22:12:33 [INFO] - Login exitoso para el usuario: admin@example.com (ID: 1) desde IP: 127.0.0.1
2026-05-25 22:12:33 [INFO] - Login exitoso para el usuario: admin@example.com (ID: 1) desde IP: 127.0.0.1
2026-05-25 22:12:33 [INFO] - Login exitoso para el usuario: admin@example.com (ID: 1) desde IP: 127.0.0.1
2026-05-25 22:12:33 [WARNING] - Intento de login bloqueado (usuario inactivo) para: test@example.com desde IP: 127.0.0.1
2026-05-25 22:12:33 [WARNING] - Intento de login bloqueado (usuario inactivo) para: test@example.com desde IP: 127.0.0.1
2026-05-25 22:12:33 [WARNING] - Intento de login bloqueado (usuario inactivo) para: test@example.com desde IP: 127.0.0.1
2026-05-25 22:12:33 [WARNING] - Intento de login bloqueado (usuario inactivo) para: test@example.com desde IP: 127.0.0.1
2026-05-25 22:12:33 [WARNING] - Intento de login bloqueado (usuario inactivo) para: test@example.com desde IP: 127.0.0.1
2026-05-25 22:12:34 [INFO] - Login exitoso para el usuario: test@example.com (ID: 1) desde IP: 127.0.0.1
2026-05-25 22:12:34 [INFO] - Login exitoso para el usuario: test@example.com (ID: 1) desde IP: 127.0.0.1
2026-05-25 22:12:34 [INFO] - Login exitoso para el usuario: test@example.com (ID: 1) desde IP: 127.0.0.1
2026-05-25 22:12:34 [INFO] - Login exitoso para el usuario: test@example.com (ID: 1) desde IP: 127.0.0.1
2026-05-25 22:12:34 [INFO] - Login exitoso para el usuario: test@example.com (ID: 1) desde IP: 127.0.0.1
2026-05-25 22:12:34 [INFO] - Login exitoso para el usuario: test@example.com (ID: 1) desde IP: 127.0.0.1
2026-05-25 22:42:39 [INFO] - [31m[1mWARNING: This is a development server. Do not use it in a production deployment. Use a production WSGI server instead.[0m
 * Running on http://127.0.0.1:5000
2026-05-25 22:42:39 [INFO] - [33mPress CTRL+C to quit[0m
2026-05-25 22:42:43 [INFO] - 127.0.0.1 - - [25/May/2026 22:42:43] "GET /admin/auditorias/3/resultados HTTP/1.1" 200 -
2026-05-25 23:25:15 [INFO] - 127.0.0.1 - - [25/May/2026 23:25:15] "[32mGET /auth/logout HTTP/1.1[0m" 302 -
2026-05-25 23:25:15 [INFO] - 127.0.0.1 - - [25/May/2026 23:25:15] "GET /auth/login HTTP/1.1" 200 -
2026-05-25 23:26:38 [INFO] - 127.0.0.1 - - [25/May/2026 23:26:38] "GET /auth/registrarse HTTP/1.1" 200 -
2026-05-25 23:26:53 [INFO] - 127.0.0.1 - - [25/May/2026 23:26:53] "[31m[1mPOST /auth/registrarse HTTP/1.1[0m" 400 -
2026-05-25 23:27:13 [INFO] - 127.0.0.1 - - [25/May/2026 23:27:13] "[32mPOST /auth/registrarse HTTP/1.1[0m" 302 -
2026-05-25 23:27:13 [INFO] - 127.0.0.1 - - [25/May/2026 23:27:13] "GET /auth/login HTTP/1.1" 200 -
2026-05-25 23:27:22 [WARNING] - Intento de login fallido para el email: ma2kenrow@gmail.com desde IP: 127.0.0.1
2026-05-25 23:27:22 [INFO] - 127.0.0.1 - - [25/May/2026 23:27:22] "[31m[1mPOST /auth/login HTTP/1.1[0m" 401 -
2026-05-25 23:27:42 [INFO] - Login exitoso para el usuario: admin@admin.com (ID: 1) desde IP: 127.0.0.1
2026-05-25 23:27:42 [INFO] - 127.0.0.1 - - [25/May/2026 23:27:42] "[32mPOST /auth/login HTTP/1.1[0m" 302 -
2026-05-25 23:27:43 [INFO] - 127.0.0.1 - - [25/May/2026 23:27:43] "GET /admin/ HTTP/1.1" 200 -
2026-05-25 23:27:45 [INFO] - 127.0.0.1 - - [25/May/2026 23:27:45] "GET /admin/empresas HTTP/1.1" 200 -
2026-05-25 23:27:52 [INFO] - 127.0.0.1 - - [25/May/2026 23:27:52] "GET /admin/empresas/nueva HTTP/1.1" 200 -
2026-05-25 23:28:13 [INFO] - 127.0.0.1 - - [25/May/2026 23:28:13] "[32mPOST /admin/empresas/nueva HTTP/1.1[0m" 302 -
2026-05-25 23:28:13 [INFO] - 127.0.0.1 - - [25/May/2026 23:28:13] "GET /admin/empresas HTTP/1.1" 200 -
2026-05-25 23:28:18 [INFO] - 127.0.0.1 - - [25/May/2026 23:28:18] "GET /admin/users HTTP/1.1" 200 -
2026-05-25 23:28:19 [INFO] - 127.0.0.1 - - [25/May/2026 23:28:19] "GET /admin/users/nuevo HTTP/1.1" 200 -
2026-05-25 23:28:20 [INFO] - 127.0.0.1 - - [25/May/2026 23:28:20] "GET /admin/users HTTP/1.1" 200 -
2026-05-25 23:28:25 [INFO] - Usuario 7 (m2akenrow@gmail.com) ha sido eliminado permanentemente por el ADMIN 1 (admin@admin.com)
2026-05-25 23:28:25 [INFO] - 127.0.0.1 - - [25/May/2026 23:28:25] "[32mPOST /admin/users/borrar_permanente/7 HTTP/1.1[0m" 302 -
2026-05-25 23:28:25 [INFO] - 127.0.0.1 - - [25/May/2026 23:28:25] "GET /admin/users HTTP/1.1" 200 -
2026-05-25 23:28:27 [WARNING] - Usuario 5 (manolo@gmail.com) ha sido desactivado por el ADMIN 1 (admin@admin.com)
2026-05-25 23:28:27 [INFO] - 127.0.0.1 - - [25/May/2026 23:28:27] "[32mPOST /admin/users/eliminar/5 HTTP/1.1[0m" 302 -
2026-05-25 23:28:27 [INFO] - 127.0.0.1 - - [25/May/2026 23:28:27] "GET /admin/users HTTP/1.1" 200 -
2026-05-25 23:28:28 [INFO] - Usuario 5 (manolo@gmail.com) ha sido activado por el ADMIN 1 (admin@admin.com)
2026-05-25 23:28:28 [INFO] - 127.0.0.1 - - [25/May/2026 23:28:28] "[32mPOST /admin/users/activar/5 HTTP/1.1[0m" 302 -
2026-05-25 23:28:28 [INFO] - 127.0.0.1 - - [25/May/2026 23:28:28] "GET /admin/users HTTP/1.1" 200 -
2026-05-25 23:28:29 [INFO] - 127.0.0.1 - - [25/May/2026 23:28:29] "GET /admin/users/nuevo HTTP/1.1" 200 -
2026-05-25 23:29:03 [INFO] - 127.0.0.1 - - [25/May/2026 23:29:03] "[32mPOST /admin/users/nuevo HTTP/1.1[0m" 302 -
2026-05-25 23:29:03 [INFO] - 127.0.0.1 - - [25/May/2026 23:29:03] "GET /admin/users HTTP/1.1" 200 -
2026-05-25 23:29:07 [INFO] - 127.0.0.1 - - [25/May/2026 23:29:07] "GET /admin/empresas HTTP/1.1" 200 -
2026-05-25 23:29:10 [INFO] - 127.0.0.1 - - [25/May/2026 23:29:10] "GET /admin/empresas/editar/8 HTTP/1.1" 200 -
2026-05-25 23:29:12 [INFO] - 127.0.0.1 - - [25/May/2026 23:29:12] "GET /admin/empresas HTTP/1.1" 200 -
2026-05-25 23:29:13 [INFO] - 127.0.0.1 - - [25/May/2026 23:29:13] "GET /admin/ HTTP/1.1" 200 -
2026-05-25 23:29:17 [INFO] - 127.0.0.1 - - [25/May/2026 23:29:17] "GET /admin/auditorias HTTP/1.1" 200 -
2026-05-25 23:29:18 [INFO] - 127.0.0.1 - - [25/May/2026 23:29:18] "GET /admin/ HTTP/1.1" 200 -
2026-05-25 23:29:39 [INFO] - 127.0.0.1 - - [25/May/2026 23:29:39] "GET /admin/calendario HTTP/1.1" 200 -
2026-05-25 23:29:39 [INFO] - 127.0.0.1 - - [25/May/2026 23:29:39] "GET /admin/api/eventos?start=2026-04-26T00:00:00+02:00&end=2026-06-07T00:00:00+02:00 HTTP/1.1" 200 -
2026-05-25 23:29:56 [INFO] - 127.0.0.1 - - [25/May/2026 23:29:56] "GET /admin/auditorias HTTP/1.1" 200 -
2026-05-25 23:30:03 [INFO] - 127.0.0.1 - - [25/May/2026 23:30:03] "GET /admin/auditorias/nueva HTTP/1.1" 200 -
2026-05-25 23:30:31 [INFO] - 127.0.0.1 - - [25/May/2026 23:30:31] "[32mPOST /admin/auditorias/nueva HTTP/1.1[0m" 302 -
2026-05-25 23:30:31 [INFO] - 127.0.0.1 - - [25/May/2026 23:30:31] "GET /admin/auditorias HTTP/1.1" 200 -
2026-05-25 23:30:42 [INFO] - 127.0.0.1 - - [25/May/2026 23:30:42] "GET /admin/auditorias/editar/7 HTTP/1.1" 200 -
2026-05-25 23:30:50 [INFO] - 127.0.0.1 - - [25/May/2026 23:30:50] "[32mPOST /admin/auditorias/editar/7 HTTP/1.1[0m" 302 -
2026-05-25 23:30:50 [INFO] - 127.0.0.1 - - [25/May/2026 23:30:50] "GET /admin/auditorias HTTP/1.1" 200 -
2026-05-25 23:30:54 [INFO] - 127.0.0.1 - - [25/May/2026 23:30:54] "[32mPOST /admin/auditorias/eliminar/7 HTTP/1.1[0m" 302 -
2026-05-25 23:30:54 [INFO] - 127.0.0.1 - - [25/May/2026 23:30:54] "GET /admin/auditorias HTTP/1.1" 200 -
2026-05-25 23:30:57 [INFO] - 127.0.0.1 - - [25/May/2026 23:30:57] "[32mPOST /admin/auditorias/activar/7 HTTP/1.1[0m" 302 -
2026-05-25 23:30:57 [INFO] - 127.0.0.1 - - [25/May/2026 23:30:57] "GET /admin/auditorias HTTP/1.1" 200 -
2026-05-25 23:30:59 [INFO] - 127.0.0.1 - - [25/May/2026 23:30:59] "GET /admin/auditorias/editar/7 HTTP/1.1" 200 -
2026-05-25 23:31:00 [INFO] - 127.0.0.1 - - [25/May/2026 23:31:00] "[32mPOST /admin/auditorias/editar/7 HTTP/1.1[0m" 302 -
2026-05-25 23:31:00 [INFO] - 127.0.0.1 - - [25/May/2026 23:31:00] "GET /admin/auditorias HTTP/1.1" 200 -
2026-05-25 23:31:02 [INFO] - 127.0.0.1 - - [25/May/2026 23:31:02] "GET /admin/auditorias/7/resultados HTTP/1.1" 200 -
2026-05-25 23:31:12 [INFO] - 127.0.0.1 - - [25/May/2026 23:31:12] "GET /admin/auditorias/7/exportar/csv HTTP/1.1" 200 -
2026-05-25 23:31:33 [INFO] - 127.0.0.1 - - [25/May/2026 23:31:33] "GET /admin/auditorias/7/anomalia/799/informe HTTP/1.1" 200 -
2026-05-25 23:32:09 [INFO] - 127.0.0.1 - - [25/May/2026 23:32:09] "GET /admin/auditorias/7/exportar/csv HTTP/1.1" 200 -
2026-05-25 23:32:40 [INFO] - 127.0.0.1 - - [25/May/2026 23:32:40] "GET /admin/auditorias/7/chat/vista HTTP/1.1" 200 -
2026-05-25 23:32:40 [INFO] - 127.0.0.1 - - [25/May/2026 23:32:40] "GET /admin/auditorias/7/chat?after=0 HTTP/1.1" 200 -
2026-05-25 23:32:45 [INFO] - 127.0.0.1 - - [25/May/2026 23:32:45] "GET /admin/auditorias/7/chat?after=0 HTTP/1.1" 200 -
2026-05-25 23:32:50 [INFO] - 127.0.0.1 - - [25/May/2026 23:32:50] "GET /admin/auditorias/7/chat?after=0 HTTP/1.1" 200 -
2026-05-25 23:32:55 [INFO] - 127.0.0.1 - - [25/May/2026 23:32:55] "GET /admin/auditorias/7/chat?after=0 HTTP/1.1" 200 -
2026-05-25 23:32:56 [INFO] - [CHAT] Mensaje #4 de usuario 1 en auditoría #7
2026-05-25 23:32:56 [INFO] - 127.0.0.1 - - [25/May/2026 23:32:56] "[35m[1mPOST /admin/auditorias/7/chat HTTP/1.1[0m" 201 -
2026-05-25 23:33:00 [INFO] - 127.0.0.1 - - [25/May/2026 23:33:00] "GET /admin/auditorias/7/chat?after=4 HTTP/1.1" 200 -
2026-05-25 23:33:01 [INFO] - 127.0.0.1 - - [25/May/2026 23:33:01] "GET /admin/auditorias/7/resultados HTTP/1.1" 200 -
2026-05-25 23:33:09 [INFO] - 127.0.0.1 - - [25/May/2026 23:33:09] "GET /admin/auditorias/7/plan HTTP/1.1" 200 -
2026-05-25 23:33:25 [INFO] - 127.0.0.1 - - [25/May/2026 23:33:25] "[32mPOST /admin/auditorias/7/plan HTTP/1.1[0m" 302 -
2026-05-25 23:33:25 [INFO] - 127.0.0.1 - - [25/May/2026 23:33:25] "GET /admin/auditorias/7/plan HTTP/1.1" 200 -
2026-05-25 23:33:35 [INFO] - 127.0.0.1 - - [25/May/2026 23:33:35] "[32mPOST /admin/auditorias/7/recomendacion/7/aplicar HTTP/1.1[0m" 302 -
2026-05-25 23:33:35 [INFO] - 127.0.0.1 - - [25/May/2026 23:33:35] "GET /admin/auditorias/7/plan HTTP/1.1" 200 -
2026-05-25 23:33:42 [INFO] - 127.0.0.1 - - [25/May/2026 23:33:42] "GET /admin/calendario HTTP/1.1" 200 -
2026-05-25 23:33:42 [INFO] - 127.0.0.1 - - [25/May/2026 23:33:42] "GET /admin/api/eventos?start=2026-04-26T00:00:00+02:00&end=2026-06-07T00:00:00+02:00 HTTP/1.1" 200 -
2026-05-25 23:34:15 [INFO] - 127.0.0.1 - - [25/May/2026 23:34:15] "[35m[1mPOST /admin/tareas HTTP/1.1[0m" 201 -
2026-05-25 23:34:15 [INFO] - 127.0.0.1 - - [25/May/2026 23:34:15] "GET /admin/api/eventos?start=2026-04-26T00:00:00+02:00&end=2026-06-07T00:00:00+02:00 HTTP/1.1" 200 -
2026-05-25 23:34:47 [INFO] - 127.0.0.1 - - [25/May/2026 23:34:47] "[35m[1mPOST /admin/citas HTTP/1.1[0m" 201 -
2026-05-25 23:34:47 [INFO] - 127.0.0.1 - - [25/May/2026 23:34:47] "GET /admin/api/eventos?start=2026-04-26T00:00:00+02:00&end=2026-06-07T00:00:00+02:00 HTTP/1.1" 200 -
2026-05-25 23:34:50 [INFO] - 127.0.0.1 - - [25/May/2026 23:34:50] "GET /admin/auditorias HTTP/1.1" 200 -
2026-05-25 23:34:53 [INFO] - 127.0.0.1 - - [25/May/2026 23:34:53] "GET /admin/auditorias/7/resultados HTTP/1.1" 200 -
2026-05-25 23:34:55 [INFO] - 127.0.0.1 - - [25/May/2026 23:34:55] "GET /admin/auditorias/7/plan HTTP/1.1" 200 -
2026-05-25 23:35:00 [INFO] - 127.0.0.1 - - [25/May/2026 23:35:00] "GET /admin/calendario HTTP/1.1" 200 -
2026-05-25 23:35:00 [INFO] - 127.0.0.1 - - [25/May/2026 23:35:00] "GET /admin/api/eventos?start=2026-04-26T00:00:00+02:00&end=2026-06-07T00:00:00+02:00 HTTP/1.1" 200 -
2026-05-25 23:35:08 [INFO] - 127.0.0.1 - - [25/May/2026 23:35:08] "GET /admin/calendario HTTP/1.1" 200 -
2026-05-25 23:35:08 [INFO] - 127.0.0.1 - - [25/May/2026 23:35:08] "GET /admin/api/eventos?start=2026-04-26T00:00:00+02:00&end=2026-06-07T00:00:00+02:00 HTTP/1.1" 200 -
2026-05-25 23:35:17 [INFO] - 127.0.0.1 - - [25/May/2026 23:35:17] "GET /admin/auditorias/7/plan/exportar HTTP/1.1" 200 -
2026-05-25 23:35:56 [INFO] - 127.0.0.1 - - [25/May/2026 23:35:56] "GET /admin/auditorias/7/vpt HTTP/1.1" 200 -
2026-05-25 23:36:37 [INFO] - 127.0.0.1 - - [25/May/2026 23:36:37] "[32mPOST /admin/auditorias/7/vpt HTTP/1.1[0m" 302 -
2026-05-25 23:36:37 [INFO] - 127.0.0.1 - - [25/May/2026 23:36:37] "GET /admin/auditorias/7/vpt HTTP/1.1" 200 -
2026-05-25 23:37:03 [INFO] - 127.0.0.1 - - [25/May/2026 23:37:03] "[32mPOST /admin/auditorias/7/vpt HTTP/1.1[0m" 302 -
2026-05-25 23:37:03 [INFO] - 127.0.0.1 - - [25/May/2026 23:37:03] "GET /admin/auditorias/7/vpt HTTP/1.1" 200 -
2026-05-25 23:37:29 [INFO] - 127.0.0.1 - - [25/May/2026 23:37:29] "[32mPOST /admin/auditorias/7/vpt HTTP/1.1[0m" 302 -
2026-05-25 23:37:29 [INFO] - 127.0.0.1 - - [25/May/2026 23:37:29] "GET /admin/auditorias/7/vpt HTTP/1.1" 200 -
2026-05-25 23:37:37 [INFO] - 127.0.0.1 - - [25/May/2026 23:37:37] "GET /admin/auditorias/7/documentos HTTP/1.1" 200 -
2026-05-25 23:37:54 [INFO] - 127.0.0.1 - - [25/May/2026 23:37:54] "[32mPOST /admin/auditorias/7/documentos HTTP/1.1[0m" 302 -
2026-05-25 23:37:54 [INFO] - 127.0.0.1 - - [25/May/2026 23:37:54] "GET /admin/auditorias/7/documentos HTTP/1.1" 200 -
2026-05-25 23:38:05 [INFO] - 127.0.0.1 - - [25/May/2026 23:38:05] "[32mPOST /admin/auditorias/7/documentos HTTP/1.1[0m" 302 -
2026-05-25 23:38:05 [INFO] - 127.0.0.1 - - [25/May/2026 23:38:05] "GET /admin/auditorias/7/documentos HTTP/1.1" 200 -
2026-05-25 23:38:06 [INFO] - 127.0.0.1 - - [25/May/2026 23:38:06] "GET /admin/archivos/descargar/24 HTTP/1.1" 200 -
2026-05-25 23:38:11 [INFO] - 127.0.0.1 - - [25/May/2026 23:38:11] "GET /admin/auditorias/7/historico HTTP/1.1" 200 -
2026-05-25 23:38:31 [INFO] - 127.0.0.1 - - [25/May/2026 23:38:31] "[32mGET /auth/logout HTTP/1.1[0m" 302 -
2026-05-25 23:38:31 [INFO] - 127.0.0.1 - - [25/May/2026 23:38:31] "GET /auth/login HTTP/1.1" 200 -
2026-05-25 23:38:47 [INFO] - Login exitoso para el usuario: cliente@demo.com (ID: 3) desde IP: 127.0.0.1
2026-05-25 23:38:47 [INFO] - 127.0.0.1 - - [25/May/2026 23:38:47] "[32mPOST /auth/login HTTP/1.1[0m" 302 -
2026-05-25 23:38:47 [INFO] - 127.0.0.1 - - [25/May/2026 23:38:47] "GET /admin/ HTTP/1.1" 200 -
2026-05-25 23:38:49 [INFO] - 127.0.0.1 - - [25/May/2026 23:38:49] "GET /admin/auditorias HTTP/1.1" 200 -
2026-05-25 23:38:52 [INFO] - 127.0.0.1 - - [25/May/2026 23:38:52] "[32mGET /auth/logout HTTP/1.1[0m" 302 -
2026-05-25 23:38:52 [INFO] - 127.0.0.1 - - [25/May/2026 23:38:52] "GET /auth/login HTTP/1.1" 200 -
2026-05-25 23:39:03 [INFO] - Login exitoso para el usuario: admin@admin.com (ID: 1) desde IP: 127.0.0.1
2026-05-25 23:39:03 [INFO] - 127.0.0.1 - - [25/May/2026 23:39:03] "[32mPOST /auth/login HTTP/1.1[0m" 302 -
2026-05-25 23:39:03 [INFO] - 127.0.0.1 - - [25/May/2026 23:39:03] "GET /admin/ HTTP/1.1" 200 -
2026-05-25 23:39:04 [INFO] - 127.0.0.1 - - [25/May/2026 23:39:04] "GET /admin/users HTTP/1.1" 200 -
2026-05-25 23:39:05 [INFO] - 127.0.0.1 - - [25/May/2026 23:39:05] "GET /admin/users/nuevo HTTP/1.1" 200 -
2026-05-25 23:39:25 [INFO] - 127.0.0.1 - - [25/May/2026 23:39:25] "[32mPOST /admin/users/nuevo HTTP/1.1[0m" 302 -
2026-05-25 23:39:25 [INFO] - 127.0.0.1 - - [25/May/2026 23:39:25] "GET /admin/users HTTP/1.1" 200 -
2026-05-25 23:39:28 [INFO] - 127.0.0.1 - - [25/May/2026 23:39:28] "[32mGET /auth/logout HTTP/1.1[0m" 302 -
2026-05-25 23:39:28 [INFO] - 127.0.0.1 - - [25/May/2026 23:39:28] "GET /auth/login HTTP/1.1" 200 -
2026-05-25 23:39:35 [WARNING] - Intento de login fallido para el email: elguapo@gmail.com desde IP: 127.0.0.1
2026-05-25 23:39:35 [INFO] - 127.0.0.1 - - [25/May/2026 23:39:35] "[31m[1mPOST /auth/login HTTP/1.1[0m" 401 -
2026-05-25 23:39:46 [WARNING] - Intento de login fallido para el email: elguapo@gmail.com desde IP: 127.0.0.1
2026-05-25 23:39:46 [INFO] - 127.0.0.1 - - [25/May/2026 23:39:46] "[31m[1mPOST /auth/login HTTP/1.1[0m" 401 -
2026-05-25 23:39:53 [INFO] - Login exitoso para el usuario: admin@admin.com (ID: 1) desde IP: 127.0.0.1
2026-05-25 23:39:53 [INFO] - 127.0.0.1 - - [25/May/2026 23:39:53] "[32mPOST /auth/login HTTP/1.1[0m" 302 -
2026-05-25 23:39:53 [INFO] - 127.0.0.1 - - [25/May/2026 23:39:53] "GET /admin/ HTTP/1.1" 200 -
2026-05-25 23:39:54 [INFO] - 127.0.0.1 - - [25/May/2026 23:39:54] "GET /admin/users HTTP/1.1" 200 -
2026-05-25 23:39:56 [INFO] - 127.0.0.1 - - [25/May/2026 23:39:56] "GET /admin/users/editar/9 HTTP/1.1" 200 -
2026-05-25 23:40:08 [INFO] - 127.0.0.1 - - [25/May/2026 23:40:08] "[32mPOST /admin/users/editar/9 HTTP/1.1[0m" 302 -
2026-05-25 23:40:08 [INFO] - 127.0.0.1 - - [25/May/2026 23:40:08] "GET /admin/users HTTP/1.1" 200 -
2026-05-25 23:40:11 [INFO] - 127.0.0.1 - - [25/May/2026 23:40:11] "[32mGET /auth/logout HTTP/1.1[0m" 302 -
2026-05-25 23:40:11 [INFO] - 127.0.0.1 - - [25/May/2026 23:40:11] "GET /auth/login HTTP/1.1" 200 -
2026-05-25 23:40:15 [INFO] - Login exitoso para el usuario: elguapo@gmail.com (ID: 9) desde IP: 127.0.0.1
2026-05-25 23:40:15 [INFO] - 127.0.0.1 - - [25/May/2026 23:40:15] "[32mPOST /auth/login HTTP/1.1[0m" 302 -
2026-05-25 23:40:15 [INFO] - 127.0.0.1 - - [25/May/2026 23:40:15] "GET /admin/ HTTP/1.1" 200 -
2026-05-25 23:40:25 [INFO] - 127.0.0.1 - - [25/May/2026 23:40:25] "GET /admin/auditorias HTTP/1.1" 200 -
2026-05-25 23:40:31 [INFO] - 127.0.0.1 - - [25/May/2026 23:40:31] "GET /admin/auditorias/7/resultados HTTP/1.1" 200 -
2026-05-25 23:40:35 [INFO] - 127.0.0.1 - - [25/May/2026 23:40:35] "GET /admin/auditorias/7/chat/vista HTTP/1.1" 200 -
2026-05-25 23:40:35 [INFO] - 127.0.0.1 - - [25/May/2026 23:40:35] "GET /admin/auditorias/7/chat?after=0 HTTP/1.1" 200 -
2026-05-25 23:40:40 [INFO] - 127.0.0.1 - - [25/May/2026 23:40:40] "GET /admin/auditorias/7/chat?after=4 HTTP/1.1" 200 -
2026-05-25 23:40:41 [INFO] - [CHAT] Mensaje #5 de usuario 9 en auditoría #7
2026-05-25 23:40:41 [INFO] - 127.0.0.1 - - [25/May/2026 23:40:41] "[35m[1mPOST /admin/auditorias/7/chat HTTP/1.1[0m" 201 -
2026-05-25 23:40:43 [INFO] - 127.0.0.1 - - [25/May/2026 23:40:43] "GET /admin/auditorias/7/plan HTTP/1.1" 200 -
2026-05-25 23:40:51 [INFO] - 127.0.0.1 - - [25/May/2026 23:40:51] "GET /admin/auditorias/7/vpt HTTP/1.1" 200 -
2026-05-25 23:40:56 [INFO] - 127.0.0.1 - - [25/May/2026 23:40:56] "GET /admin/auditorias/7/documentos HTTP/1.1" 200 -
2026-05-25 23:41:11 [INFO] - 127.0.0.1 - - [25/May/2026 23:41:11] "[32mPOST /admin/auditorias/7/documentos HTTP/1.1[0m" 302 -
2026-05-25 23:41:11 [INFO] - 127.0.0.1 - - [25/May/2026 23:41:11] "GET /admin/auditorias/7/documentos HTTP/1.1" 200 -
2026-05-25 23:41:13 [INFO] - 127.0.0.1 - - [25/May/2026 23:41:13] "GET /admin/auditorias/7/historico HTTP/1.1" 200 -
2026-05-25 23:41:17 [INFO] - 127.0.0.1 - - [25/May/2026 23:41:17] "[32mGET /auth/logout HTTP/1.1[0m" 302 -
2026-05-25 23:41:17 [INFO] - 127.0.0.1 - - [25/May/2026 23:41:17] "GET /auth/login HTTP/1.1" 200 -
2026-05-25 23:41:32 [INFO] - Login exitoso para el usuario: admin@admin.com (ID: 1) desde IP: 127.0.0.1
2026-05-25 23:41:32 [INFO] - 127.0.0.1 - - [25/May/2026 23:41:32] "[32mPOST /auth/login HTTP/1.1[0m" 302 -
2026-05-25 23:41:32 [INFO] - 127.0.0.1 - - [25/May/2026 23:41:32] "GET /admin/ HTTP/1.1" 200 -
2026-05-25 23:41:33 [INFO] - 127.0.0.1 - - [25/May/2026 23:41:33] "GET /admin/users HTTP/1.1" 200 -
2026-05-25 23:41:36 [INFO] - 127.0.0.1 - - [25/May/2026 23:41:36] "GET /admin/users/editar/8 HTTP/1.1" 200 -
2026-05-25 23:41:44 [INFO] - 127.0.0.1 - - [25/May/2026 23:41:44] "[32mPOST /admin/users/editar/8 HTTP/1.1[0m" 302 -
2026-05-25 23:41:44 [INFO] - 127.0.0.1 - - [25/May/2026 23:41:44] "GET /admin/users HTTP/1.1" 200 -
2026-05-25 23:41:45 [INFO] - 127.0.0.1 - - [25/May/2026 23:41:45] "[32mGET /auth/logout HTTP/1.1[0m" 302 -
2026-05-25 23:41:45 [INFO] - 127.0.0.1 - - [25/May/2026 23:41:45] "GET /auth/login HTTP/1.1" 200 -
2026-05-25 23:41:51 [INFO] - Login exitoso para el usuario: guapisimo@gmail.com (ID: 8) desde IP: 127.0.0.1
2026-05-25 23:41:51 [INFO] - 127.0.0.1 - - [25/May/2026 23:41:51] "[32mPOST /auth/login HTTP/1.1[0m" 302 -
2026-05-25 23:41:51 [INFO] - 127.0.0.1 - - [25/May/2026 23:41:51] "GET /admin/ HTTP/1.1" 200 -
2026-05-25 23:41:55 [INFO] - 127.0.0.1 - - [25/May/2026 23:41:55] "GET /admin/empresas HTTP/1.1" 200 -
2026-05-25 23:41:57 [INFO] - 127.0.0.1 - - [25/May/2026 23:41:57] "GET /admin/auditorias HTTP/1.1" 200 -
2026-05-25 23:42:00 [INFO] - 127.0.0.1 - - [25/May/2026 23:42:00] "GET /admin/auditorias/7/resultados HTTP/1.1" 200 -
2026-05-25 23:42:08 [INFO] - 127.0.0.1 - - [25/May/2026 23:42:08] "GET /admin/auditorias/7/chat/vista HTTP/1.1" 200 -
2026-05-25 23:42:08 [INFO] - 127.0.0.1 - - [25/May/2026 23:42:08] "GET /admin/auditorias/7/chat?after=0 HTTP/1.1" 200 -
2026-05-25 23:42:12 [INFO] - [CHAT] Mensaje #6 de usuario 8 en auditoría #7
2026-05-25 23:42:12 [INFO] - 127.0.0.1 - - [25/May/2026 23:42:12] "[35m[1mPOST /admin/auditorias/7/chat HTTP/1.1[0m" 201 -
2026-05-25 23:42:13 [INFO] - 127.0.0.1 - - [25/May/2026 23:42:13] "GET /admin/auditorias/7/chat?after=6 HTTP/1.1" 200 -
2026-05-25 23:42:14 [INFO] - 127.0.0.1 - - [25/May/2026 23:42:14] "GET /admin/auditorias/7/resultados HTTP/1.1" 200 -
2026-05-25 23:42:16 [INFO] - 127.0.0.1 - - [25/May/2026 23:42:16] "GET /admin/auditorias/7/plan HTTP/1.1" 200 -
2026-05-25 23:42:28 [INFO] - 127.0.0.1 - - [25/May/2026 23:42:28] "[32mPOST /admin/auditorias/7/plan HTTP/1.1[0m" 302 -
2026-05-25 23:42:28 [INFO] - 127.0.0.1 - - [25/May/2026 23:42:28] "GET /admin/auditorias/7/plan HTTP/1.1" 200 -
2026-05-25 23:42:33 [INFO] - 127.0.0.1 - - [25/May/2026 23:42:33] "GET /admin/calendario HTTP/1.1" 200 -
2026-05-25 23:42:33 [INFO] - 127.0.0.1 - - [25/May/2026 23:42:33] "GET /admin/api/eventos?start=2026-04-26T00:00:00+02:00&end=2026-06-07T00:00:00+02:00 HTTP/1.1" 200 -
2026-05-25 23:42:54 [INFO] - 127.0.0.1 - - [25/May/2026 23:42:54] "[35m[1mPOST /admin/tareas HTTP/1.1[0m" 201 -
2026-05-25 23:42:54 [INFO] - 127.0.0.1 - - [25/May/2026 23:42:54] "GET /admin/api/eventos?start=2026-04-26T00:00:00+02:00&end=2026-06-07T00:00:00+02:00 HTTP/1.1" 200 -
2026-05-25 23:43:03 [INFO] - 127.0.0.1 - - [25/May/2026 23:43:03] "GET /admin/empresas HTTP/1.1" 200 -
2026-05-25 23:43:04 [INFO] - 127.0.0.1 - - [25/May/2026 23:43:04] "GET /admin/auditorias HTTP/1.1" 200 -
2026-05-25 23:45:11 [INFO] - 127.0.0.1 - - [25/May/2026 23:45:11] "[32mGET /auth/logout HTTP/1.1[0m" 302 -
2026-05-25 23:45:11 [INFO] - 127.0.0.1 - - [25/May/2026 23:45:11] "GET /auth/login HTTP/1.1" 200 -
2026-05-25 23:45:24 [WARNING] - Intento de login fallido para el email: admin@admin.com desde IP: 127.0.0.1
2026-05-25 23:45:24 [INFO] - 127.0.0.1 - - [25/May/2026 23:45:24] "[31m[1mPOST /auth/login HTTP/1.1[0m" 401 -
2026-05-25 23:45:32 [INFO] - Login exitoso para el usuario: admin@admin.com (ID: 1) desde IP: 127.0.0.1
2026-05-25 23:45:32 [INFO] - 127.0.0.1 - - [25/May/2026 23:45:32] "[32mPOST /auth/login HTTP/1.1[0m" 302 -
2026-05-25 23:45:32 [INFO] - 127.0.0.1 - - [25/May/2026 23:45:32] "GET /admin/ HTTP/1.1" 200 -
2026-05-25 23:45:48 [INFO] - 127.0.0.1 - - [25/May/2026 23:45:48] "GET /admin/empresas HTTP/1.1" 200 -
2026-05-25 23:47:11 [INFO] - 127.0.0.1 - - [25/May/2026 23:47:11] "GET /admin/users HTTP/1.1" 200 -
2026-05-25 23:49:03 [INFO] - 127.0.0.1 - - [25/May/2026 23:49:03] "GET /admin/calendario HTTP/1.1" 200 -
2026-05-25 23:49:03 [INFO] - 127.0.0.1 - - [25/May/2026 23:49:03] "GET /admin/api/eventos?start=2026-04-26T00:00:00+02:00&end=2026-06-07T00:00:00+02:00 HTTP/1.1" 200 -
2026-05-25 23:49:03 [INFO] - 127.0.0.1 - - [25/May/2026 23:49:03] "GET /admin/auditorias HTTP/1.1" 200 -
2026-05-25 23:49:04 [INFO] - 127.0.0.1 - - [25/May/2026 23:49:04] "GET /admin/calendario HTTP/1.1" 200 -
2026-05-25 23:49:04 [INFO] - 127.0.0.1 - - [25/May/2026 23:49:04] "GET /admin/api/eventos?start=2026-04-26T00:00:00+02:00&end=2026-06-07T00:00:00+02:00 HTTP/1.1" 200 -
2026-05-25 23:49:58 [INFO] - 127.0.0.1 - - [25/May/2026 23:49:58] "GET /admin/users HTTP/1.1" 200 -
2026-05-25 23:50:09 [INFO] - 127.0.0.1 - - [25/May/2026 23:50:09] "GET /admin/calendario HTTP/1.1" 200 -
2026-05-25 23:50:09 [INFO] - 127.0.0.1 - - [25/May/2026 23:50:09] "GET /admin/api/eventos?start=2026-04-26T00:00:00+02:00&end=2026-06-07T00:00:00+02:00 HTTP/1.1" 200 -
2026-05-25 23:50:42 [INFO] - 127.0.0.1 - - [25/May/2026 23:50:42] "GET /admin/auditorias HTTP/1.1" 200 -
2026-05-25 23:50:43 [INFO] - 127.0.0.1 - - [25/May/2026 23:50:43] "GET /admin/auditorias/7/resultados HTTP/1.1" 200 -
2026-05-25 23:53:04 [INFO] - 127.0.0.1 - - [25/May/2026 23:53:04] "GET /admin/auditorias/7/chat/vista HTTP/1.1" 200 -
2026-05-25 23:53:04 [INFO] - 127.0.0.1 - - [25/May/2026 23:53:04] "GET /admin/auditorias/7/chat?after=0 HTTP/1.1" 200 -
2026-05-25 23:53:09 [INFO] - 127.0.0.1 - - [25/May/2026 23:53:09] "GET /admin/auditorias/7/chat?after=6 HTTP/1.1" 200 -
2026-05-25 23:53:15 [INFO] - 127.0.0.1 - - [25/May/2026 23:53:15] "GET /admin/auditorias/7/chat?after=6 HTTP/1.1" 200 -
2026-05-25 23:53:20 [INFO] - 127.0.0.1 - - [25/May/2026 23:53:20] "GET /admin/auditorias/7/chat?after=6 HTTP/1.1" 200 -
2026-05-25 23:53:25 [INFO] - 127.0.0.1 - - [25/May/2026 23:53:25] "GET /admin/auditorias/7/chat?after=6 HTTP/1.1" 200 -
2026-05-25 23:53:30 [INFO] - 127.0.0.1 - - [25/May/2026 23:53:30] "GET /admin/auditorias/7/chat?after=6 HTTP/1.1" 200 -
2026-05-25 23:53:35 [INFO] - 127.0.0.1 - - [25/May/2026 23:53:35] "GET /admin/auditorias/7/chat?after=6 HTTP/1.1" 200 -
2026-05-25 23:53:39 [INFO] - 127.0.0.1 - - [25/May/2026 23:53:39] "GET /admin/auditorias/7/chat?after=6 HTTP/1.1" 200 -
2026-05-25 23:53:44 [INFO] - 127.0.0.1 - - [25/May/2026 23:53:44] "GET /admin/auditorias/7/chat?after=6 HTTP/1.1" 200 -
2026-05-25 23:53:50 [INFO] - 127.0.0.1 - - [25/May/2026 23:53:50] "GET /admin/auditorias/7/chat?after=6 HTTP/1.1" 200 -
2026-05-25 23:53:55 [INFO] - 127.0.0.1 - - [25/May/2026 23:53:55] "GET /admin/auditorias/7/chat?after=6 HTTP/1.1" 200 -
2026-05-25 23:54:00 [INFO] - 127.0.0.1 - - [25/May/2026 23:54:00] "GET /admin/auditorias/7/chat?after=6 HTTP/1.1" 200 -
2026-05-25 23:54:05 [INFO] - 127.0.0.1 - - [25/May/2026 23:54:05] "GET /admin/auditorias/7/chat?after=6 HTTP/1.1" 200 -
2026-05-25 23:54:10 [INFO] - 127.0.0.1 - - [25/May/2026 23:54:10] "GET /admin/auditorias/7/chat?after=6 HTTP/1.1" 200 -
2026-05-25 23:54:15 [INFO] - 127.0.0.1 - - [25/May/2026 23:54:15] "GET /admin/auditorias/7/chat?after=6 HTTP/1.1" 200 -
2026-05-25 23:54:20 [INFO] - 127.0.0.1 - - [25/May/2026 23:54:20] "GET /admin/auditorias/7/chat?after=6 HTTP/1.1" 200 -
2026-05-25 23:54:24 [INFO] - 127.0.0.1 - - [25/May/2026 23:54:24] "GET /admin/auditorias/7/chat?after=6 HTTP/1.1" 200 -
2026-05-25 23:54:30 [INFO] - 127.0.0.1 - - [25/May/2026 23:54:30] "GET /admin/auditorias/7/chat?after=6 HTTP/1.1" 200 -
2026-05-25 23:54:35 [INFO] - 127.0.0.1 - - [25/May/2026 23:54:35] "GET /admin/auditorias/7/chat?after=6 HTTP/1.1" 200 -
2026-05-25 23:54:36 [INFO] - 127.0.0.1 - - [25/May/2026 23:54:36] "GET /admin/auditorias/7/resultados HTTP/1.1" 200 -
2026-05-25 23:54:39 [INFO] - 127.0.0.1 - - [25/May/2026 23:54:39] "GET /admin/auditorias/7/plan HTTP/1.1" 200 -
2026-05-25 23:55:44 [INFO] - 127.0.0.1 - - [25/May/2026 23:55:44] "GET /admin/auditorias/7/vpt HTTP/1.1" 200 -
2026-05-25 23:56:56 [INFO] - 127.0.0.1 - - [25/May/2026 23:56:56] "GET /admin/auditorias/7/documentos HTTP/1.1" 200 -
2026-05-25 23:58:22 [INFO] - 127.0.0.1 - - [25/May/2026 23:58:22] "GET /admin/auditorias/7/historico HTTP/1.1" 200 -
2026-05-25 23:58:54 [INFO] - 127.0.0.1 - - [25/May/2026 23:58:54] "GET /admin/auditorias/7/documentos HTTP/1.1" 200 -
2026-05-25 23:59:03 [INFO] - 127.0.0.1 - - [25/May/2026 23:59:03] "GET /admin/auditorias/7/historico HTTP/1.1" 200 -
2026-05-29 10:22:46 [INFO] - Login exitoso para el usuario: admin@example.com (ID: 1) desde IP: 127.0.0.1
2026-05-29 10:22:46 [WARNING] - Usuario 2 (client@example.com) ha sido desactivado por el ADMIN 1 (admin@example.com)
2026-05-29 10:22:46 [INFO] - Usuario 2 (client@example.com) ha sido activado por el ADMIN 1 (admin@example.com)
2026-05-29 10:22:46 [WARNING] - Usuario 2 (client@example.com) ha sido desactivado por el ADMIN 1 (admin@example.com)
2026-05-29 10:22:46 [INFO] - Usuario 2 (client@example.com) ha sido eliminado permanentemente por el ADMIN 1 (admin@example.com)
2026-05-29 10:22:46 [INFO] - Login exitoso para el usuario: admin@example.com (ID: 1) desde IP: 127.0.0.1
2026-05-29 10:22:46 [INFO] - Login exitoso para el usuario: admin@example.com (ID: 1) desde IP: 127.0.0.1
2026-05-29 10:22:47 [INFO] - Login exitoso para el usuario: auditor@example.com (ID: 2) desde IP: 127.0.0.1
2026-05-29 10:22:47 [INFO] - Login exitoso para el usuario: auditor@example.com (ID: 2) desde IP: 127.0.0.1
2026-05-29 10:22:47 [INFO] - Login exitoso para el usuario: auditor@example.com (ID: 2) desde IP: 127.0.0.1
2026-05-29 10:22:47 [INFO] - Login exitoso para el usuario: admin@example.com (ID: 1) desde IP: 127.0.0.1
2026-05-29 10:22:47 [INFO] - Login exitoso para el usuario: admin@example.com (ID: 1) desde IP: 127.0.0.1
2026-05-29 10:22:47 [INFO] - Login exitoso para el usuario: admin@example.com (ID: 1) desde IP: 127.0.0.1
2026-05-29 10:22:48 [WARNING] - Intento de login bloqueado (usuario inactivo) para: test@example.com desde IP: 127.0.0.1
2026-05-29 10:22:48 [WARNING] - Intento de login bloqueado (usuario inactivo) para: test@example.com desde IP: 127.0.0.1
2026-05-29 10:22:48 [WARNING] - Intento de login bloqueado (usuario inactivo) para: test@example.com desde IP: 127.0.0.1
2026-05-29 10:22:48 [WARNING] - Intento de login bloqueado (usuario inactivo) para: test@example.com desde IP: 127.0.0.1
2026-05-29 10:22:48 [WARNING] - Intento de login bloqueado (usuario inactivo) para: test@example.com desde IP: 127.0.0.1
2026-05-29 10:22:48 [INFO] - Login exitoso para el usuario: test@example.com (ID: 1) desde IP: 127.0.0.1
2026-05-29 10:22:48 [INFO] - Login exitoso para el usuario: test@example.com (ID: 1) desde IP: 127.0.0.1
2026-05-29 10:22:48 [INFO] - Login exitoso para el usuario: test@example.com (ID: 1) desde IP: 127.0.0.1
2026-05-29 10:22:48 [INFO] - Login exitoso para el usuario: test@example.com (ID: 1) desde IP: 127.0.0.1
2026-05-29 10:22:48 [INFO] - Login exitoso para el usuario: test@example.com (ID: 1) desde IP: 127.0.0.1
2026-05-29 10:22:48 [INFO] - Login exitoso para el usuario: test@example.com (ID: 1) desde IP: 127.0.0.1
